Video ID,Views,Likes,Comments,Duration
xv5i-uSDXPk,93298,8182,93,PT1H52M41S
bD6m_x4JTRg,153699,10350,67,PT4H16M56S
89tBEFC_mMo,160755,11372,97,PT4H8M30S
Npo9zslfLDg,213726,13978,97,PT5H58M31S
yfCw28seJmc,195778,13135,85,PT4H20M27S
4aJTZ7SwBiI,262127,18199,144,PT3H30M55S
vOLkYCpBwbc,102659,10883,109,PT40M46S
DZjOXbxJQSI,340268,24789,217,PT4H3M52S
WCvia0nPP2A,407872,32462,779,PT10M55S
AQ6hhiLfj6A,371347,24513,200,PT4H12M11S
VR6vPEPMX4Q,163195,9680,181,PT37S
94rCfIQC4K8,377872,37071,781,PT10M28S
rG4T9KXBdK0,418675,22282,211,PT4H38M9S
ewpS3AWHDIo,413889,24347,127,PT4H59M37S
7y2vqxJVJ6k,622684,38828,178,PT5H40M38S
mbxeiNnLICQ,342736,23254,177,PT4H43M41S
OH9JBWLYjaU,390170,29776,454,PT4H26M53S
UMwgMk1aWPw,409218,32706,662,PT9M53S
qmltrYiP_bs,262827,18560,187,PT2H11M14S
_q2a5_KdCGg,147533,11515,121,PT3H2M2S
xS7l1ohpz4I,146156,11992,104,PT4H1M1S
h_swWDMqRuk,148339,11326,72,PT3H27M16S
f7P1ZvyUu1s,174182,11857,148,PT6H38M46S
pOxmSaZ0Da4,200389,15460,160,PT3H59M26S
GnhBCd9tLt4,165104,13695,189,PT3H16M30S
xuzi5OKlSJw,138216,12144,168,PT3H45M6S
Kg1raQh-tjg,196790,13851,125,PT5H6M58S
8FK6qjb2StM,297427,35339,1096,PT18M44S
3zJ2R4ktUsM,196310,14658,305,PT5H25S
PIo31n6ZCzI,171488,12277,181,PT5H42M25S
kyqG5EVwPac,1122166,94830,1739,PT29M1S
xRX_0gq2MRY,118057,8149,159,PT3H7M4S
vB5ia9FzQQE,151376,11824,174,PT5H45M40S
z9IaviabWk8,44565,3110,80,PT26S
9DCMx6WIGtk,132107,10168,229,PT5H20M2S
3wQz9Uny4x4,113126,7781,144,PT4H23M16S
Vs8ZgpuJUS4,116278,8660,164,PT4H37M49S
vGjg5KrpFRE,125047,8571,144,PT4H26M24S
-_HBHnaWrOM,126076,9355,182,PT3H23M6S
iamwaQcqGpw,147439,12131,191,PT4H19M7S
MB1L8GRLWL8,152793,13415,260,PT4H38M5S
3ntQWnvt1S0,145472,11055,260,PT4H19M54S
DLEWUetQXj4,123978,9809,262,PT4H34M41S
JZ5_RRi-VkY,110789,9458,131,PT5H37S
YoVf4GzFers,106279,8549,137,PT4H58M35S
otG8u1RXX_Q,109836,8093,185,PT3H46M8S
Rq4X1DH-6dA,1295827,56799,148,PT1M4S
6pd1NEmVbMI,153248,12992,129,PT4H57M17S
fQkPjLB9Wcc,131582,10935,142,PT4H50M7S
i6U6z6oYvcs,162113,13081,144,PT5H24M51S
q-MWtdoeZMo,112936,11996,132,PT5H3M53S
-JEDbCUrrAo,96615,8148,133,PT4H48M48S
tixFZ431RhQ,126624,11815,99,PT5H29M45S
9-vi_jiV1Jk,117049,10912,127,PT4H42M6S
ejYd38YdiDQ,79713,5623,79,PT5H26M16S
0vrF1d7tyqM,111447,8735,61,PT5H3M30S
7cVItz4NV10,75998,5723,64,PT5H23M45S
GdgCZ3Tq-wM,559415,42441,1445,PT14M25S
5rxJHWLyC80,123770,9000,103,PT6H39M50S
aBHb5FyJphs,151539,9945,90,PT6H49M11S
iGWHr0sysKM,161535,7114,116,PT11S
NvW8Njx0cPc,156488,8795,127,PT2H45M33S
5FJ-o_7XWAI,174986,11386,138,PT3H26M29S
FZQr962X-Y0,183062,14627,93,PT2H59M
hhjMXa1Qr4E,148735,11166,110,PT2H59M37S
6Z4wme7K3DE,197201,14239,178,PT3H22M50S
2a6J8vuP2XU,307203,22246,220,PT6H51M35S
nOcc_Zgf2Ok,281859,20930,205,PT6H37M37S
njgLAnhme8g,319762,20333,153,PT6H42M24S
pma0exy9geQ,304898,23607,271,PT7H11M52S
zrcX2L_7O-g,303689,31749,308,PT6H52M37S
mMZfNiEYA4I,303845,20220,358,PT6H51M8S
jf5XJFR-RWY,301165,22031,207,PT7H19M29S
koHUwcBkC4w,209090,13811,191,PT4H12M38S
_rYCnj5SAZg,235841,17111,176,PT4H41M38S
r3WKF2g2Gbo,163591,11654,139,PT3H38M29S
NNBeHrug0Uw,176905,17038,151,PT3H22M25S
tU2f4MpqA_A,192701,13712,138,PT4H13M35S
zO7K87ij8Z0,162723,15054,138,PT4H11M29S
q2wXp_cX1WA,144718,11178,127,PT2H56M37S
F0hxmQYOSws,233276,18034,525,PT11M31S
BvAFAEo_gc4,188249,13234,145,PT3H44M13S
qmr3efdEOSI,287142,19422,331,PT5H21M54S
dKEz0d7QAGI,212220,13532,216,PT5H8M5S
9fX7LODKrXg,0,0,0,P0D
cNBinHDdkFI,125080,10901,112,PT1H57M53S
0c3M_cwECVU,190807,12141,160,PT3H59M36S
ChcuSzdILXQ,298100,24343,424,PT19M48S
VxYu5EC-Y6c,196939,14062,250,PT5H14M43S
maT_o_QwfTo,231381,16185,481,PT4H52M17S
Zq6OBTyFvVY,199870,12699,428,PT6H59M25S
o5F-UXt6Pmw,173942,11523,266,PT4H46M49S
xwjiSZk9X1E,144120,10701,180,PT4H8M11S
-f3ojOz4ad4,117588,8870,161,PT3H33M36S
JXa_lqJOAlQ,152917,11355,223,PT3H48M9S
tmF-hbtApiM,150064,10838,165,PT3H55M37S
K54kcu0Viw8,137655,9928,213,PT4H18M51S
m14HJMSNX84,144052,8624,305,PT2H35M3S
cS7CcAW3Mkw,197777,12786,146,PT4H23M27S
r8-3Ao_GBn0,141419,9707,107,PT5H30M21S
Bj0wNjRuKuk,360213,17824,551,PT49M45S
CUJ4RZKsfrs,119832,10321,366,PT9M30S
wgcNrC6GA0E,163269,10444,173,PT4H17M16S
6n__1z9LsUU,179494,12105,131,PT4H45M23S
-4sn9G8XwNU,239229,11964,72,PT5H33M56S
EFbASYt-bbg,183536,10623,64,PT4H50M41S
woKdDaXnubY,213060,12924,93,PT3H50M46S
__Kq75hZGPA,411230,31433,502,PT8M22S
4QumcN025pU,171000,9509,142,PT6H2M3S
p-OUUu6W6mg,229270,14022,120,PT3H58M48S
EbgyYptfR14,284074,20261,210,PT4H29M50S
lUgNZuoHqto,151379,10366,117,PT4H15M55S
EyxZvnZSMgE,107279,7965,71,PT1H48M30S
xFV0fG5rETg,289614,18513,198,PT5H10M22S
labbNaAac24,367788,24398,328,PT5H44M35S
ud298cGLZQ0,141091,10245,196,PT4H23M12S
8qrLeIZhcWs,120243,8862,362,PT3H12M59S
P4GelUQ-06M,125588,10619,185,PT3H6M19S
e4V8hzpsFoY,148029,10479,245,PT3H58M30S
-r5k15dnduw,103708,8418,113,PT3H21M5S
EMcaS0mbNqw,113061,9596,121,PT3H1M48S
IHaPPMTPVoY,116337,9841,113,PT4H57M15S
Xc7JzpiVvbY,125792,8798,102,PT3H37M9S
VslpnCn1wcA,146723,10948,102,PT8H39M12S
9lXnTeps9I8,448285,34454,1339,PT11M26S
YPPstTXx6o0,96549,7494,100,PT6H36M29S
c5EXx75pHtc,112095,11914,149,PT2H51M50S
WpYTJLV8GTo,247552,21838,536,PT8M44S
-6MwdT1p1Kw,111863,8797,154,PT7H54M11S
I32-7W0ldEg,490458,36362,1103,PT13M17S
hhcFMJxbth4,58653,5606,56,PT2H55M18S
ybai1gxJAE0,308152,29190,1003,PT12M47S
PkmSkgjbUlA,83232,7878,127,PT3H45M11S
wO-2TCh8zNE,106435,10767,218,PT3H14M46S
u3zjFylddBE,138683,10759,130,PT5H10M30S
Smdvf2JwywQ,139628,18824,745,PT1H5M39S
CzXH7HEZXXw,77335,6660,76,PT1H41M56S
-ZcI1KIwzIA,169449,22716,1040,PT26M34S
UDpx6dkd23Q,203968,15250,534,PT8H13M43S
VekfCgkZZXM,90183,7837,90,PT2H21M57S
jkCgz6G78I0,117390,12276,383,PT8M38S
pphhUw-gqks,391434,35753,652,PT8M22S
ApTsw6gZmGA,160187,12414,120,PT4H45M19S
3hMRgkcXuBA,148195,12331,161,PT4H11M52S
QIpnFFB7wu8,193728,24420,1265,PT1H18M39S
tg4848nvZJ0,179313,20333,662,PT12M17S
4_NNxsOxAXg,93775,10282,269,PT1H58M12S
nm__JHUoJMs,132349,12557,151,PT2H54M53S
C9VNuBrVRl8,133512,12740,731,PT10M24S
U7X9fbc3tNU,121511,10187,136,PT6H3M57S
pcHy_Zz2h7A,110691,12107,329,PT1H44M45S
r12ukbGYLd0,114911,9650,159,PT5H31M58S
3nhlUzIiIEM,117229,10361,355,PT2H39M21S
4nfJYJv3LDQ,116165,10070,149,PT2H49M23S
U3EMkh_wya8,124663,10187,83,PT5H27M59S
60RGwxngKwM,105207,7409,117,PT6H42M19S
ctMfyphSbWA,123634,9584,83,PT3H28M54S
lT-oSwmq2Uo,83631,6225,56,PT4H51M4S
I8SBExww7cc,33377,3538,21,PT43M50S
Cf345dG26Zc,132402,10374,87,PT2H51M33S
hH7O5xRSCfg,123440,10301,249,PT11H15M3S
oRkExh4Q31U,183548,20930,810,PT12M18S
lwJT7tZzcYo,284581,27309,1091,PT18M55S
6Ak3z5jOn5g,232445,26349,949,PT25M39S
Xh2UWBVdKA0,394048,36457,885,PT16M55S
3K8m2PhgCNA,219237,20556,623,PT2H19M40S
BnomdzVRsqs,157364,11103,108,PT4H4M5S
9T3f3bnmnLo,169784,14264,141,PT3H28M33S
-CLh2ZlLnIY,196459,16706,111,PT4H16M57S
O36OH-qy-zw,227560,18172,165,PT3H42M59S
RP8LwL4Ka-E,186253,14432,258,PT3H54M30S
6ae2onKfEVc,221716,17840,144,PT4H6M44S
vnU3awbVCqc,151258,11771,117,PT5H33M1S
dqzvBmAXwjo,217056,17407,343,PT3H38M33S
jXYfD-AgDF4,107664,10617,137,PT3H27S
9ey9bv0F5F4,181162,14140,231,PT3H47M57S
-sGsUTaUet8,196232,13618,215,PT3H42M7S
0idiv5_YzUs,225700,15163,152,PT6H54M55S
YzaGtP7r890,205375,15929,238,PT4H27M21S
CTWJ_sUOXjk,236080,15990,254,PT3H51M56S
0vJaOK-MFa0,109585,7857,126,PT5H40M10S
B-ApPZdoreI,126002,9427,207,PT3H3M8S
ElUwcBq3xaE,114275,9198,172,PT2H50M1S
Q1rtHAL9ffE,119318,10293,228,PT2H53M44S
yNFum1NCBdQ,81952,6309,246,PT3H12M45S
gdfTQT_6boM,182060,11903,198,PT5H58M18S
Z9_Pa_lxS5E,47521,4898,452,PT2H39M12S
56FuU5KV1UM,95214,7320,231,PT3H7M24S
_-vCb-k-Z98,113800,7725,154,PT3H31M37S
om0Rhy0-Ho8,85769,6931,137,PT5H7M11S
zCeVCbCUD3I,90086,7697,114,PT3H7M37S
0gWBYMYWbz4,83208,7840,88,PT2H36M25S
d3yVOI7RUmg,112306,9314,91,PT2H21M54S
SFCiAR_m9as,51696,5101,81,PT1H4M37S
3gg3x8BsGbk,112643,8153,109,PT3H57M
iaZBjKsg1UQ,144137,10501,125,PT4H24M30S
ddTqFT1UwVE,156273,12013,170,PT5H6M11S
sPlRJJ-85fk,116908,9577,78,PT3H4M
Uaa7bVfA0xs,97624,8489,65,PT2H14M52S
17WYdmVoT3w,156411,11712,90,PT4H9M55S
LpwmoaWSzKU,120612,10898,69,PT2H50M7S
ZMWhh6iJE7A,104537,12469,371,PT11M36S
QoHxhZINPyY,183685,15559,127,PT4H12M40S
UguffknSBDU,38976,4814,22,PT29M1S
muoIkMDaS3U,126599,10483,160,PT3H22M54S
IR-c9KUitKQ,154758,12742,156,PT3H31M56S
9rsEPh2yLxk,281096,23666,678,PT11M26S
x6uv7XvUEwo,195262,19086,520,PT10M7S
XmgyfAcDQFo,368783,39056,826,PT13M7S
BVZ_L-r0qcQ,140817,10230,93,PT3H40M45S
pgPLAaNrwUg,96739,8889,79,PT2H52M56S
xGozlmT7R5A,237297,25885,629,PT10M10S
wagscrxVvJI,211777,25921,1298,PT14M4S
27F2EHzVPM0,91209,8209,100,PT3H27M36S
RXfMx9oWM9U,526541,50159,2192,PT15M56S
Y5mLs__MkwI,440998,53270,6686,PT22M38S
oVrPuGThvQE,125294,10710,188,PT2H32M23S
Pbdsd3s2tkc,297177,30457,1069,PT11M51S
zFlgFnAN6uE,136306,9899,231,PT5H19M48S
DiAhrzrFDuQ,100447,8556,166,PT3H20M45S
T0iart_C5Uc,114454,8736,151,PT6H29M29S
IMLR_ktSqdo,91357,7982,188,PT2H26M36S
G8GqfRf0z9o,127761,10858,181,PT2H35M34S
xiYedbzxaj4,110959,9457,180,PT2H52M14S
CDl4n7d3wVE,153583,12745,231,PT2H19M35S
UQ20eIQhr5s,317116,30489,2094,PT12M53S
LVBlv3bO9_g,146809,11550,155,PT2H13M2S
9n5BOeeUVZ0,748261,68401,1780,PT8M30S
IWFI9WLUnIE,244029,22686,226,PT3H19M12S
mh8qMVK0bSI,611097,67266,2138,PT16M24S
ozUuLobX9hE,182696,15456,249,PT2H9M39S
V7FWaOhW4B4,169741,15051,208,PT1H54M49S
O4x-Y2vXQPc,395180,25472,417,PT7H43M4S
2FzUuxf4GSA,246612,19238,224,PT4H9M14S
Copx7cXaPxA,246812,20603,421,PT3H54M19S
vXappXE8uGw,195795,16491,206,PT3H7M24S
eGQMPtcJ9co,228429,18872,466,PT4H3M37S
5dZgmXjlesQ,345512,26184,477,PT6H45M20S
iVVxu5n6zFU,266652,23795,392,PT4H45M5S
BV24UCmPFB0,302595,26954,760,PT5H44M55S
vRcVsKKCgfo,327505,28589,607,PT9M9S
9GP7rpakE9k,303292,31095,525,PT4H20M50S
iiInoB2oAyU,211751,20374,291,PT2H51M38S
FTzQENf2Qmc,197193,16281,215,PT4H32M3S
vOGhpderxFs,190379,15821,283,PT2H42M37S
xhEQQgLEjXw,273554,24865,283,PT3H58M30S
86Uspi_s6fQ,133746,11806,232,PT1H35M8S
YdSfCg2vZ3I,155546,11375,149,PT4H40M3S
OrScd-JsX1I,218658,18774,268,PT2H42M44S
zooyoEm-Q8g,184328,14123,236,PT5H4M21S
ICqwS6-gmnw,183932,16775,271,PT3H7M27S
vp9S48FubNA,218139,22016,308,PT3H13M2S
2O4oTNjrz04,165302,12823,273,PT4H35M25S
WThHDN6k2vI,157341,13845,384,PT2H13M52S
Cf96yg1ej_c,107007,10123,318,PT1H14M45S
dDNNicAU77M,107224,11179,282,PT2H1M16S
h7C-1RN3rfo,23055,3763,528,PT3M53S
s2jy4Zb9jdA,248167,17331,661,PT5H4M53S
SUQqPEUP4pM,204070,17794,674,PT3H30M26S
lDdBDi_CAuI,157635,12630,488,PT2H7S
AARgTf8chTk,207829,17449,564,PT4H6M11S
EOLPn4Dmim4,209524,17501,373,PT3H46M53S
yrkLV2J6zeE,228976,19995,330,PT3H43M9S
BkSk0gt0J-4,138221,12038,249,PT2H16M43S
hzz7VIcobP8,157927,10925,218,PT4H20M40S
jmqbeZBOyqU,196876,17945,158,PT2H36M37S
JaUJAFq9rcg,185995,16957,241,PT2H30M22S
Q3fILj-K4EA,177954,16105,264,PT2H35M46S
Hpct2ZqABkE,160675,14716,167,PT2H30M1S
joWj9bwUfDo,278032,20098,224,PT5H18M58S
V2Gp-2Jcqqw,165458,15389,196,PT2H41M54S
kXbSlnt_Xfc,175220,16128,221,PT2H28M9S
g1H9IiPcAoE,162752,15542,156,PT2H8M27S
irOQIl_lDUE,236997,18765,235,PT5H8M51S
yx4CnzSFUeg,223648,19332,807,PT3H55M49S
8EclSZVzpO0,188125,17589,138,PT2H46M38S
v0B92YVJYcA,157540,14360,113,PT2H10M58S
oyuJleGRnuY,142870,11242,300,PT3H27M4S
ezLayiVdik0,68161,6766,190,PT1H54M51S
UBtVITz9LJ4,195621,16526,108,PT3H15M16S
XcHYeuCgNJQ,302545,30518,1421,PT8M34S
jeALbVdUUjY,168980,14768,122,PT2H19M39S
VLzIperxdcE,202990,15991,173,PT2H53M41S
4e8exfudVfY,203912,17707,186,PT2H58S
qQ_BTJO3EK8,110074,11110,81,PT1H18M56S
ftc2Ee5RHps,141600,14238,126,PT2H8M24S
a4bt9MNFBag,153244,11224,169,PT4H16M14S
gJd0vvMxftM,349805,18803,483,PT11H51M11S
okPsKE1uAYM,96540,8104,144,PT3H7M44S
twklqnV0-Y4,112915,8774,286,PT3H2M7S
4Nrx6iG9Wm4,137807,11418,548,PT3H42M36S
mZiA6q4OWUs,163839,14876,356,PT3H3M5S
mMKzkkJtnbk,159271,12326,273,PT2H15M50S
yF7u6CD7HvY,178930,15056,146,PT3H3M6S
O-w_mFBpwOE,242842,18419,149,PT3H57M50S
6GIRhBzqStE,171713,14792,163,PT1H47M
WCyCqqFC0Pc,100934,8552,50,PT2H11S
-jBu0xjY-Ik,108004,9259,73,PT2H41M14S
lvaZC-AfU7I,225089,13887,135,PT5H32M1S
xGAopBdfr9Q,326714,23300,304,PT9H19M53S
zYNLByoDgRE,180556,15003,118,PT2H6M39S
6BWRkNy9EDk,251389,24248,340,PT3H21M13S
UNj-IaX2nsw,340818,23364,168,PT4H32M9S
8iqG7c1urL0,148834,11535,82,PT3H54M45S
HSJhDKnURQk,229258,16944,118,PT3H9M55S
cPbgoJte7-8,271239,19196,161,PT3H55M21S
53C1krrNK84,117849,10294,105,PT2H15M22S
9n0MKx-SBzw,277818,18793,105,PT5H40M14S
3H3jbK4b8Fs,121603,10268,107,PT3H15M4S
FJZv8tE1YA4,154726,12963,126,PT3H6M27S
dN6e_2uPEAs,154610,18277,168,PT1H35M5S
QT6NXR6ku2U,181292,13340,244,PT2H38M8S
GI_Z5KzmnaM,145876,10780,90,PT2H57M43S
loBe4RQo9og,280175,20091,128,PT4H57M21S
DFpctC3202A,95638,8960,54,PT1H52M48S
P8yg_KH9d1o,209317,18649,170,PT2H18M48S
12dLFbGOKN4,268303,24350,164,PT2H18M57S
nFWmee2wo0Y,463246,47846,882,PT17M1S
sXoYDGeNjvw,244730,20923,206,PT2H14M55S
Z8Gzc-VY8E4,195556,17321,217,PT1H45M9S
xeWBzIMZsdg,200819,15674,116,PT2H35M44S
cDMNMHCrp6Y,219912,17659,113,PT2H26M11S
q04qGK2dEgE,234548,17877,90,PT1H57M9S
ZThBRYC-xVc,186794,12974,86,PT4H31M57S
HJ-Nct6BG0Q,351844,24911,103,PT4H49M16S
BPEiCBDdllU,147932,15694,302,PT4M56S
8VMgyOajAzA,207723,18429,98,PT2H22M44S
D4-ujrMvL3Q,250448,25396,135,PT2H27M33S
6mnnrzouA7U,207046,17382,263,PT3H24M31S
UZ6wyOfvcxQ,728491,99294,1895,PT13M43S
OgbP3m60igk,673833,61150,996,PT14M
wX-dDi36lNA,1229198,117651,1654,PT16M1S
MhS1-go77VU,395920,30459,159,PT4H20M51S
dYCeLthqrHs,307199,24343,110,PT4H58M8S
QnURdv4vRHk,406207,29521,135,PT5H22M21S
X6srCgRHOFI,195725,18424,125,PT1H32M23S
TjZvVzLXyRM,387907,32962,196,PT3H49M29S
ldlmQt7fOv8,198518,17338,106,PT4H37M10S
DTyT4GvU6dU,204495,19268,149,PT1H54M37S
3EH2uePd2dU,343549,32303,170,PT3H24M39S
d-mjQrgtbyM,339491,32602,351,PT3H44M51S
GNu7vTAA-GI,257330,23899,196,PT4H19M55S
kWeUsO29kUE,554195,52416,1129,PT14M2S
NgsQWn3k_4U,196275,19042,135,PT2H56M46S
0V9VpHW559w,216527,21334,157,PT2H29M45S
iPLhm32eIHU,226399,28961,144,PT1H49M12S
w5Gr_xtk7yc,555642,54135,858,PT13M24S
e96HjUqlDI0,205638,19637,378,PT10M32S
I5YWGE2772I,185500,15745,91,PT2H13M3S
9EhbCu80gKs,173025,15700,161,PT2H30M54S
Pr9KBOhEwq8,122676,12594,165,PT1H10M20S
xfkB-1UqfdQ,1068468,76505,652,PT9M38S
DcK4ijS4ceg,292646,22148,110,PT6H27M58S
1IlRbxO_xuY,161341,13241,194,PT1H15M8S
Ivs5JTTnwgQ,214440,17186,155,PT5H55M41S
72iHO_TaZzw,240046,20614,105,PT5H2M52S
q-S_V2O1GDA,127347,11482,120,PT2H40M55S
ttQE81Pnzcs,310022,8378,85,PT3H42M2S
z8TnENRkBmk,179281,14887,253,PT9M6S
xAtznXj1rwU,95455,8271,53,PT2H23S
TmqoClEg1sU,79717,10457,1747,PT10M21S
gp7QrSqiYzk,199745,16081,111,PT3H41M8S
6sopV8mrzmw,115971,10535,105,PT2H10M8S
cnZsqO15ank,104629,9354,142,PT3H11M47S
SbEUqx9aKsU,163336,14032,247,PT3H25M21S
ZP55DGwt6NM,104403,9704,50,PT1H56M49S
pbfp_VrcV4g,86179,9404,223,PT4M34S
8dNSAcW6vcc,437598,39720,233,PT14S
atKg97zdg0E,124872,14459,225,PT9M11S
VwLMGjmF4rs,139335,12396,80,PT3H21M15S
BcKwPvoIw_0,163420,13487,115,PT2H32M41S
ttmKz-hhcHU,141349,11602,103,PT3H58M21S
bQV3Zi-OoHA,213223,16900,86,PT5H9M5S
FsI9eM699XQ,179960,16252,125,PT2H58M6S
o8BrDV04tvg,211227,27678,763,PT11M24S
omyOt_K28CI,207409,14637,123,PT3H26M25S
pB7HysSEZws,234265,16021,148,PT3H31M45S
g_2nFgcB2_E,232111,16391,120,PT3H48M52S
G1lPInGZzrY,142621,11044,158,PT2H41M54S
LftfECuw50E,167847,16337,238,PT2H53S
r1ykEgWO7gg,143290,13320,81,PT2H40M13S
qoneXSleXbc,317306,24314,281,PT9H25M9S
QEhdFTtE02Q,203230,17978,70,PT44S
7cyCP9CUQNw,230418,20192,165,PT2H19M31S
VIux2E2aDK0,176076,15493,95,PT2H29M35S
qKymo0n7nnI,315446,22817,190,PT5H24M28S
V2WBi0-h6iY,150159,14848,115,PT2H7M6S
4UDjCp8i2nc,124522,13666,162,PT2H44S
xT8LulioBQQ,290982,24899,137,PT54S
U2wiUJq1Sn0,254929,22716,234,PT2H54M54S
3tQVPf5SwtQ,208194,20825,151,PT2H41M5S
Z9RhwgbH_yA,561888,49153,158,PT56S
xmwqYe2oYjc,198604,19638,221,PT2H34M54S
ndsClWnNjis,285964,25683,376,PT9M42S
9vyKlwDAzNw,249981,25534,135,PT2H35M5S
5PHP3-CmaEA,790161,69469,1199,PT8M56S
NX-z35iN17w,360084,31023,238,PT4H39S
6EbGxB3T8Ug,124888,12495,62,PT2H34M26S
l8lRT_cpkFE,173629,16998,148,PT2H23M42S
lasplZEYWe4,323268,31358,475,PT9M28S
jIV12XdzCjA,117536,9523,78,PT41S
W440HNUkq6g,206974,18714,130,PT2H31M56S
4C46EiDhVuQ,248747,33404,2425,PT12M27S
hUDB6jxXXPw,381912,35267,361,PT3H48M43S
Tf_ae_ysy3w,281622,39216,1041,PT11M41S
GGsCcAqVOFQ,243890,38879,610,PT9M27S
d3DIsa5RJoU,289088,31913,198,PT3H15M38S
OOe03y4uXbE,274117,40733,929,PT13M19S
z5R2SefO_Do,221275,22198,177,PT2H31M6S
H9ggF3p4Pt8,269031,42299,911,PT11M53S
YaK7EdaIlsA,502501,70401,1371,PT12M35S
O_OlGIxoaEc,219245,22656,143,PT2H2M26S
ytCcd-tl85Y,254256,42145,712,PT13M12S
B88XfDu1SMU,252838,26563,162,PT3H4M35S
h2JZFXv9GmI,295662,47640,725,PT11M3S
WABWbaaOj8c,291231,29290,206,PT3H20M9S
DMpTcsoQ-PU,229628,34301,696,PT10M41S
8KE5ARnddBc,294004,28695,226,PT2H41M30S
ehLwAzEe3o4,92503,8651,109,PT26S
N9myPCVZjZU,287842,36282,493,PT9M7S
akBeezlVhaY,208990,25872,159,PT1H57M24S
EMNK21arN5Q,277365,39854,935,PT14M48S
-woUAauHxAU,256424,27598,322,PT2H33M6S
UwSHS1EenGY,878911,85638,894,PT11M31S
95rvTY0xeKI,398736,45825,324,PT4H57M5S
53Kor9BeBoA,330857,44626,623,PT10M59S
DqU8-CeaUVg,382151,36757,187,PT4H20M34S
-ljzMXtYetM,466716,50486,593,PT12M15S
IRi2WHSDNrM,219816,24807,302,PT1H11M
XLHLQwwt2To,320696,46162,709,PT13M54S
nSSJq79JLdc,377006,36033,205,PT3H19M45S
xicuRPp4drw,393168,70975,1598,PT16M37S
WF8yi0X1yGo,770386,88897,1111,PT15M14S
G2d6OvDFvFI,364152,72119,1027,PT10M46S
dczztQBmsfg,430593,42029,538,PT3H48M11S
nDUT_2WORv0,169693,22767,295,PT8M9S
Nmo1x3Uoq1o,278681,28530,216,PT2H15M25S
y-sd4Dmcl1I,428790,42856,219,PT3H43M36S
tlCHbuCkTEE,424474,42649,286,PT3H12M1S
uVpbPkeVSCg,462557,41998,265,PT3H32M7S
JDluWlohfwY,383922,28470,318,PT20M14S
frXVODJFBMg,416211,36804,142,PT4H9M53S
SX7AEzQjM5c,190981,27837,540,PT13M37S
ELrbcZymEu4,268933,24322,89,PT2H36M38S
lGIUkbk17S0,371297,33685,157,PT4H8M21S
TCWSeteFwCI,260951,27234,487,PT11M37S
8_s1zvAfwWI,227764,32144,2584,PT9M11S
pDj9nVacwcA,350436,33499,188,PT4H45M2S
dbc2o9-RZQc,340435,30648,171,PT3H43M58S
ROXPCZ2z0u4,229610,23872,172,PT1H18M22S
YK1uIohoS_Q,351612,44530,2551,PT15M11S
CDintQSOTHo,345810,31788,628,PT4H7M15S
tWEdSLemk4k,968313,76827,1898,PT10M33S
AEtSMoyhq4k,224649,22955,84,PT2H16M49S
JjZN6HaFmzg,342593,36063,1624,PT9M31S
fFdyj_bN67I,322145,30591,270,PT5H49S
RHw_Uk3P0GE,512633,54817,259,PT16S
Qz5TwELEk9w,307776,46596,2577,PT17M26S
IWuaXsqxBBU,133610,13683,120,PT55M55S
1tpWHibexMk,316632,26922,177,PT3H6M59S
tiT9qdNmwGY,369993,32287,181,PT5H26M16S
p9P8cLiQ0ck,360277,31213,303,PT4H27M14S
4ET_Zf0dYkg,401325,36441,326,PT4H58M43S
DETJI6AOJ-k,189673,18506,99,PT55S
i7u_rMRfUEA,426570,36237,304,PT4H54M38S
9hLU3fx0h10,505265,53087,861,PT9M48S
2FLL3poBKig,215301,23945,439,PT7M25S
DfYL-zr1ycw,405370,34114,293,PT5H49M43S
e8gSzM_xXk8,361540,32514,206,PT4H35M6S
erwJE8FycJ8,172661,20784,232,PT10M59S
pFMtZ-07Fgs,380928,36465,174,PT4H30M24S
fPbGXJIdPcE,297700,30113,272,PT2H33M37S
ALjix1Tv5Zo,331634,39871,315,PT9M16S
yINJMIyrd3k,261714,33654,453,PT8M1S
yKvpybb0jrg,186411,14784,96,PT31M47S
CQJAfASEp6M,271493,42618,546,PT8M5S
ArKQDRKCpvk,387038,34439,213,PT4H42M57S
D1HRyt7f-Dw,255887,26156,113,PT2H36M6S
AysmWgBWCZU,1485905,117276,2476,PT8M50S
iunYJqrpOy8,435769,36539,224,PT7H48M31S
bfjZxjd9Gh0,280560,27493,402,PT10M46S
zI4xtZTWWNg,346999,32976,144,PT4H6M42S
emhDc6b-pS0,325019,29615,191,PT2H52M4S
jKslcQeo02I,465457,38776,355,PT8M7S
KS-Hz5QBf9c,379653,35112,177,PT4H8M4S
t4ebkYYgglI,370408,34186,221,PT3H6M27S
Tl8gQ8nysqc,335629,32825,193,PT2H46M14S
GJwKyryFL6Q,348397,34014,266,PT3H28M4S
_t1LTZtLaKc,462114,40468,310,PT6H57M8S
vLV33qjn4vc,191934,21569,86,PT1H47M19S
UFeMNtHQ3IQ,293771,29849,214,PT2H51M6S
d_ICwt7I9bk,196709,24409,103,PT1H53M14S
GLKHQFUMHuY,244650,23846,219,PT2H26M43S
ahOXY7LP9rs,247243,23270,123,PT3H1M46S
8P1QH58oaQU,210113,24662,132,PT1H58M27S
6D3Q5rT3SuI,259982,27221,153,PT2H31M
00gvlXF3aQQ,218714,23469,85,PT2H26M1S
1IQioDpdYe0,334113,31627,330,PT16M5S
urzrCTRZKPk,213225,20092,85,PT2H16M47S
AE118k85IFo,311287,33032,166,PT4H4M38S
HPRkCmErUAo,264865,25506,113,PT4H25M14S
RxQe8KcTiwk,290362,25149,116,PT5H30M11S
gNUvFJI-ATU,242856,24007,96,PT3H13M21S
8ihMZCNv3Qs,380415,29078,313,PT13M33S
RZLxEPobs5g,181576,27198,1034,PT6M44S
aOPN8SZVHpQ,211616,21131,216,PT2H49M15S
oNiccvodX_A,157134,15592,61,PT2H24M48S
YwQBzdIsYUQ,230416,20621,79,PT4H58M50S
RlWT23Cv78E,219949,20574,306,PT3H32M19S
YW9pBywc-t0,395064,31207,324,PT16M32S
z9jaFV6x7EU,224792,20786,64,PT2H58M47S
puLLscEzJBc,104715,10523,72,PT1H55M40S
ucOFAaGnbH4,153283,17719,248,PT5M49S
ajf3fGXtWOs,84185,10270,210,PT45M57S
oQE4mefNww8,480020,37989,473,PT17M9S
ldsKRaJEntw,203183,20693,63,PT1H59M36S
8BrZ5H8G63E,112718,10451,49,PT2H31S
vL6aJDRRlxE,58488,5852,28,PT2H31M27S
IwwkcEhXXTA,372583,31368,352,PT11M6S
5iuFzYX16j8,114101,10163,69,PT1H35M5S
TpX5vzIR77A,159540,13804,44,PT2H40M35S
kIUUmZnS1y0,122642,11915,210,PT15M27S
wFb7amUafoI,158182,13481,57,PT2H44M39S
NNAeulozANg,170858,14887,59,PT2H31M47S
fZd1n6Egn9E,61680,8313,178,PT10M11S
zbWvRnoTm7w,169095,15440,87,PT2H33M15S
2eoio4zNL1o,270174,24193,61,PT51S
VHnV3Ujlwq4,95771,12422,281,PT14M11S
ecQ9Mv2NcwQ,127246,12628,54,PT2H8M55S
mHGUQMqAH1I,325395,31853,505,PT11M9S
qzjwzMOjSLg,166700,15610,73,PT2H47M13S
TtHNmx4OyGc,224839,43110,663,PT11M53S
QfBgx2tE2v0,187812,19954,575,PT12M22S
N-iSzeR4gyQ,255378,29671,523,PT13M42S
EZkUMp2N_7U,190851,16689,59,PT3H3M49S
Ja1d52P7NAI,153751,13933,73,PT2H27M40S
u8YDZKXcK1I,144697,21175,407,PT10M3S
2NOY4TvoogI,225227,28979,1330,PT8M52S
lMkLtZsuLlg,174347,15868,87,PT1H53M2S
9dDID98oVnY,32146,4305,34,PT35M17S
0S1J_TAAh3U,486301,43378,411,PT11M35S
tTAZUrrGDcM,95588,8970,58,PT27S
pOuPgDTZxv4,175760,22447,285,PT9M17S
fFldp3LCY3Q,185435,18848,105,PT2H54M33S
E4V1y4bdwmw,69641,7229,26,PT1H42M55S
FeZ7bkhRPq8,224698,20448,122,PT3H11M
FcqdTpdolXo,165740,17871,111,PT2H53M8S
NAqgG_h2T1M,276565,28933,349,PT14M
I76PDRZQ34Q,354989,33402,637,PT11M55S
rhDvDQ5-wqw,215298,25076,221,PT8M18S
OG8zjT8VKBc,285167,28200,288,PT10M8S
C2MSQKq2mEg,166568,17055,861,PT1H54M19S
wZpuKdJQpVU,191337,28676,54,PT1M
bX2n1r7BgHc,1225830,105007,113,PT45S
k3z0WF_oTTI,655453,46785,417,PT9M47S
oSMAGhlTcwA,884738,60500,523,PT10M53S
KzUihiOK_jw,225445,20347,50,PT3H9M23S
t5Kfp7c5Gcs,305946,25978,107,PT4H43M22S
yqSjgoQZoa4,615768,55769,435,PT10M52S
W2FQ7Br03xk,290579,29150,345,PT10M3S
aR6QwIhvtL4,235495,22292,109,PT3H8M46S
8nz_4ZtvAQc,98616,10269,26,PT1H13M35S
RyzTVsWcpyA,183330,17197,36,PT39S
OriuHc6FHF4,100328,10033,40,PT1H16M15S
25mMZ1-YYqE,102300,12218,477,PT2M55S
TqGHjWTKVcA,216515,28759,85,PT28S
gHspl0bjGMU,213571,18035,39,PT2H50M5S
GphynE7ycKI,429001,37993,240,PT49S
Pm4WIvFKuU4,1078566,104969,132,PT31S
qvz4nBfC-Jk,2646534,171746,241,PT53S
7CbkhTLXEYg,253461,22449,46,PT26S
_lHhhbYOGE4,442897,51025,67,PT51S
yqGFROohKIo,350099,32041,541,PT8M26S
3Fbel2g43VQ,141511,13823,76,PT31S
CJDSoXTq_XM,273918,45139,338,PT11M27S
3rEnxJjWRHg,271441,25420,362,PT8M8S
bz1TpcPY0RY,38647,4938,151,PT4M55S
uvXHMw4OvSw,260729,22400,62,PT3H16M5S
4dXkeO35GQg,252422,20620,44,PT3H50M13S
FaLohT1FEgk,203552,20948,263,PT10M11S
_LyVPD3np48,161743,15401,61,PT1H58M38S
qYOEcAfDIxY,142928,17136,272,PT11M5S
fGf5z-JXkI4,247366,22575,72,PT2H49M11S
0o4UzbLmWKE,340490,38762,350,PT7M3S
CwGHJrHXKL0,234206,31148,1236,PT16M3S
vGfpxdK3ZLs,235433,19418,33,PT3H4M57S
q_23Im8xahk,247217,20442,61,PT3H29M39S
dlWEajhMC4Q,255296,19921,82,PT3H6M18S
ttHcmlEINpI,302981,25307,129,PT3H39M18S
UUTJpu3sbKk,610867,50414,561,PT18M17S
E2w91-H9yg4,359616,39589,96,PT2H16M39S
Wl-EpYN9Wvg,175908,16673,18,PT2H13M5S
spyq9CDtmZI,253016,22053,74,PT3H51S
wgw353oPQC8,340092,28941,268,PT13M5S
8N_eSt0tBu8,72015,5559,94,PT10M18S
4Ofn9rMymLI,231552,24272,149,PT2H1M17S
LizBWlXUQvQ,221258,18337,62,PT3H6M12S
6KYO3Uv2BoE,223241,19850,35,PT3H51S
aEBmLGKF8xE,78463,7814,14,PT1H41M28S
SpA0slrMqTo,130848,17550,180,PT14M6S
CW66oRaiZdQ,175494,15525,34,PT1H57M33S
m5SN5DTUZ2g,328795,29899,257,PT9M29S
Hur7VO7g6ZA,254837,22773,57,PT3H5M12S
Y-IoNBSEm2k,295030,27010,355,PT7M33S
ew5jwhgnfmo,310066,28880,491,PT23M43S
uD12ci7he8Q,23576,2706,140,PT5M56S
YmZCnSyDAss,157815,21814,350,PT16M42S
W13-YrDvfPU,193180,20018,158,PT10M22S
br6ecbYueKk,301691,28653,242,PT16M20S
gXB5BaSA0iI,233217,23060,56,PT2H4M35S
OC2XyCDz1AE,69090,6481,13,PT1H51M36S
0X8EdhkyWmk,544460,44758,490,PT11M45S
pU78WkX5u8s,240475,22858,51,PT2H17M17S
1Jw_pKWiry4,296256,31107,161,PT9M34S
85GqC4sbmMo,410137,32529,131,PT42S
lY-duAiktPQ,289299,37047,392,PT11M4S
Evduup00J-E,418821,35244,103,PT3H25M39S
zDlaXEMyPIw,272847,33752,427,PT8M9S
MtIiQtKe89c,428924,32212,82,PT3H36M56S
z6ZD1_dt6lE,369252,39210,305,PT7M32S
OZcq4oIKWQ0,351903,33122,119,PT2H37M47S
o99pb3Yw_us,309154,27246,141,PT2H33M28S
F8OAmrmm4zU,424204,57957,1191,PT8M34S
sepnWC4PyDQ,344941,27529,66,PT2H53M35S
-QnDUm0qz-M,259731,22974,94,PT1H57M14S
xlFEbt0z2po,389858,30142,220,PT4H20M57S
bfSIgoL1O6Y,560406,40377,112,PT3H59M4S
DQ52vx1MY2I,444799,43529,346,PT9M23S
h5eyuyk23M4,324286,25190,61,PT2H35M40S
u-a8NA7F4xA,551044,43513,111,PT5H26M23S
HZ3gpSUTviY,120015,11793,23,PT1H2M6S
rulffHXLYfE,546859,49409,328,PT10M42S
WOXJFFFBa8k,357449,29269,56,PT2H43M31S
SXP0bdhLER0,537050,42334,158,PT4H58M11S
LsVIqNH-BeE,346850,33632,556,PT11M43S
-b3MOVFiDvM,388991,31946,69,PT3H37M7S
ZeqrOhpFFxg,495259,40427,110,PT4H33M15S
NxzTOlVYvYs,510675,41408,124,PT4H11M21S
QzanOdDAkwA,322813,30553,140,PT2H16M9S
yULZLxACozA,303121,28839,313,PT2H48M9S
h6Jb5p5HcVg,502752,44420,146,PT4H13M9S
fYqrBvT7loc,556980,41500,248,PT15M9S
MHeCiFNmhAc,422251,40125,77,PT3H44M46S
FqmezheMxfg,1316386,69079,1491,PT12M43S
-JlB6kaGr64,482218,47590,124,PT3H4M16S
97Ajq1r2yQs,471072,48208,94,PT4H9S
8N5y2nzaKWY,621172,49584,308,PT11M9S
NaCRstquDB4,330870,34526,78,PT2H29M32S
n8cnKdzuAAA,336526,40554,88,PT2H22M1S
lm1FyTwahk0,554288,58212,146,PT3H39M35S
E3iRSgvJjAc,529750,55083,115,PT3H38M33S
oaAwShMaWMM,591519,70211,206,PT2H29M46S
mpgpI3KmGyk,524683,64333,1899,PT7M14S
NHAiw1fP_OE,431923,41183,374,PT14M53S
wTUCqpvof_Q,87313,8384,48,PT2H29M32S
XFrSDIX3LZA,148051,12476,74,PT3H18M48S
zj-yW0nQ55g,268215,31410,424,PT20M24S
5LwZNJxVv5I,339624,27429,397,PT10M20S
5ZQIep4Hd28,156598,20036,268,PT15M26S
Pwxcl70o4Gg,103168,8575,42,PT3H9M
7QQTjGn0DUo,345028,32801,495,PT13M50S
KoAxCS3FIwI,129401,10701,66,PT3H11M17S
fkyX9xp3A58,97963,8931,53,PT3H56M26S
51dpRNfHKYA,141325,18178,542,PT7M4S
8iDwL8zw-Xk,139003,12491,142,PT4H17M
bchADJSCkK0,118996,10684,88,PT4H30M6S
IbcbCNIl_NA,139350,11882,96,PT3H53M26S
5FqirsKE9D0,202537,21939,361,PT7M40S
6QgDCx-nXgM,76975,8556,60,PT2H34M58S
i6Ul-bCqIJI,112185,9483,53,PT3H57M4S
2WhXy18TbDM,100138,10755,101,PT3H16M8S
57Ake3Ue8AQ,188133,22316,480,PT12M46S
A38x7aCP2lQ,118818,16237,395,PT15M19S
8-_2eQoc3QM,65655,6664,33,PT2H36M42S
xZxy8gp_zWc,114542,13605,152,PT2H9M5S
XjOmBLH-YfA,163912,23850,299,PT8M25S
wnn8hOlbpHw,71345,8378,35,PT2H27M37S
CxjN5mxwMNY,172821,21075,282,PT9M
2haMpnq4mao,77215,9447,49,PT2H57M31S
u5cMWCQtY8c,84855,9569,37,PT2H41M36S
MWn8stnv2VQ,120339,19186,619,PT2M1S
oP8w_EOhscY,220137,28998,375,PT13M18S
NVv577yC_Aw,234948,33057,676,PT11M18S
y3wFjGX_Lgc,699004,62278,1047,PT13M9S
NkkkgXkqX1I,1011617,71540,548,PT10M26S
fO2F06A5iPQ,329286,39544,316,PT9M48S
SPGIX-nE9PY,268116,35995,382,PT12M35S
_KwWcp5Qms8,52996,6820,26,PT1H37M5S
I76UVia1AsY,136870,13713,52,PT3H6M55S
CPqgiHlNscQ,322106,36867,773,PT12M21S
SOShyF_VcOk,92774,11273,64,PT1H40M36S
7VwwXUGpW78,235539,31810,643,PT8M17S
rOx5mr8yqYo,218933,30771,1362,PT12M28S
aeuJgy6RYzw,98554,9842,24,PT3H49M21S
duc-_xR5Ku0,312914,45539,28749,PT13M10S
deaJScbYKpw,81393,8513,35,PT2H25M50S
3jTGcJuyfV4,142202,12561,63,PT3H39M36S
zicqY1ZkHR0,67847,9644,328,PT6M5S
cggPXOUG9BA,156546,20851,499,PT10M54S
tZgaPOp0Grc,134431,11083,34,PT4H15M49S
bjgtOW8yy80,85526,9071,49,PT2H32M24S
XdY067Re-jE,60396,6980,26,PT2H7M38S
b-BU0cUUdxM,167178,14323,56,PT5H8M1S
2ORbSBG8eOw,69116,7506,40,PT2H18M21S
o2dtG5vgKWA,119427,10818,42,PT3H1M35S
3_AF-kI1lIM,263574,34604,424,PT13M5S
ckUtpT1p_Yc,127818,11115,40,PT4H16M42S
a4T5N46_kyc,85545,10592,33,PT3H12M20S
BjJwLjgvueU,104908,9786,27,PT4H31M5S
pwS6z9AeWWY,68074,7143,16,PT2H32M58S
p7UNQ0Wxb60,92341,9815,22,PT2H34M17S
sPyDeQMBS98,78323,8780,59,PT2H51M15S
q4--6uiI7dw,79820,8729,29,PT3H9M1S
NNaiS-bSBo8,87543,9533,39,PT2H4M24S
yqPxgT3JgNY,283975,20838,151,PT8M34S
YUI_P3NehzA,102929,10625,28,PT3H6M38S
PavHzg2OSzg,155597,12671,50,PT4H36M27S
2nW6OLccDcU,275775,21100,77,PT6M12S
McEv6eJOZyM,156822,20214,262,PT8M50S
1zv5GkzmvXc,210448,15472,41,PT3H39M
iELl8gRikno,652963,54897,287,PT8M9S
K7Ixf66bWyU,94470,10437,30,PT1H55M25S
Z3-cJ7HLgrU,165130,18101,80,PT8H19M35S
a3Iqp7Xd7O0,89074,9161,48,PT2H39M11S
eP5hl29G-gE,86736,9548,17,PT2H26M31S
B0gB1iebRjw,112467,10608,39,PT2H45M19S
uAGPLryd2g4,144982,13615,66,PT3H34M12S
APNx3EH1GxA,104513,14086,146,PT52S
vitCRux4FQg,129208,12622,34,PT2H58M30S
Ueb4gXDEP7o,298634,35981,465,PT8M26S
J9FvlGSkJ3k,125593,14237,27,PT3H36M33S
TxAcxeFyCTo,118978,13505,19,PT3H54M26S
4SpgbfHt1r0,114217,12877,25,PT2H51M56S
H-T1DIBuvEE,136380,25521,407,PT6M58S
M3Bb7h89dEQ,187467,19166,97,PT7M52S
ndNGAj4c_nA,51532,6830,36,PT17M37S
hss4sUwwAiA,134424,12240,41,PT2H52M
5zd_F1gt30c,562479,34070,176,PT12M31S
fvMDrvS_Eo0,184160,21441,50,PT3H23M9S
sbcvLHJkgUQ,1823297,158831,3362,PT10M39S
45yKhduUePo,266226,23264,192,PT8M52S
8l3wOe0HqWM,176107,16360,133,PT4H12M31S
7UW9cGbtiLI,643377,42452,208,PT11M43S
GIArMsHBSzY,150471,14708,49,PT2H31M52S
ize2rmse4eU,62534,7706,20,PT2H28M38S
HIeEmkoUQGg,307415,25240,113,PT10M1S
4eAcB0YIc30,141114,14471,89,PT2H59M10S
V0bS-6yYLWU,70153,6911,40,PT3H14M33S
gwop4oZaa_I,79788,9293,42,PT2H3M44S
gVAB72yGm2w,75178,7629,70,PT3H13M29S
lXCgjrBqj1c,81009,8280,36,PT2H54M39S
_IxXuytacjY,219975,27835,581,PT8M1S
UXeFDbCHT8E,142525,18061,324,PT11M7S
LERm85xwETY,91729,9457,160,PT2H55M45S
_emmejCRyTE,68182,6913,23,PT2H31M27S
4gxjQqLlFTY,86366,9942,49,PT3H5M19S
WhIWgPNbFBo,65482,7050,48,PT2H15M11S
yCfpvtbbXqU,74079,8080,89,PT2H40M59S
IWcNMHPbuEk,107550,10601,131,PT9M59S
SXI71TsWgnQ,100413,9163,100,PT3H43M50S
OfxVgHs9u1c,53329,6880,21,PT2H2M54S
FYDdwLNJ2ZQ,61420,8187,127,PT7M33S
Qo57u6ht9xk,140688,19726,267,PT9M24S
ADYsLufkjo4,132302,20666,373,PT10M25S
HojI0o-XfLo,128497,12262,119,PT3H58M27S
O8O_yTzvkow,74974,8955,31,PT2H24M36S
5oZ8Yqh1TjI,121375,27126,519,PT8M28S
6mi0mxD7Rnw,125170,12924,117,PT3H13M7S
Dql0LtbQAAg,270780,25300,135,PT5M42S
WYZ3GSlFPlc,156858,20647,149,PT10M47S
Mm_MOl7mLrU,376321,34405,195,PT8M23S
LluSmTLl0l8,465636,34246,104,PT10M13S
1DcySb8BptM,240565,23310,62,PT3H20M53S
0NZv_oVhjfU,283725,28013,134,PT9M1S
QL_wy3pmP6U,64534,7375,23,PT2H11M7S
HJYwM4TqG38,644817,46302,349,PT9M43S
8_N6Yo6CnuM,210698,15977,38,PT2H50M11S
N7LVLeUrgio,212418,19760,70,PT3H14M34S
_JC6yp5gLm8,101278,12172,39,PT2H20M49S
PXGYgw24T9U,124304,12046,25,PT4H30M4S
NyRt685zx1w,416932,53726,659,PT12M46S
5bva4QVKhrI,106577,11256,30,PT3H42M58S
OzLLJAf8Ls8,132657,14765,119,PT13M20S
4GScgOVFEic,140505,15805,58,PT3H6M31S
DJALWuM9Z4o,468223,36709,152,PT11M39S
UE15dU1do_w,249248,27395,135,PT5M17S
begEDmraavE,46157,6323,218,PT4M8S
FKpXnSLLH6Y,490423,40022,203,PT8M1S
W9v5ZO0bBlM,222675,18235,50,PT2H43M43S
FRSBWbymoeM,422272,38311,123,PT9M10S
wnoTdz6YCU8,517129,41757,195,PT11M1S
3ggka4Db52A,201982,18064,122,PT11M16S
MfSJtKmY3ys,255117,20375,65,PT4H5M33S
A0VW8X3yFBQ,654765,47210,434,PT12M51S
fQjrV4iYJ3k,182665,15685,49,PT3H53M51S
ljM70-7aYMY,233442,22837,79,PT2H25M24S
JQeEhN-R6dQ,218844,19567,83,PT2H6M27S
3tDZeDyCgs8,610360,46537,203,PT8M22S
F-8MZdg_ujE,313292,45037,453,PT13M27S
X7FuYf4xLdA,293887,24056,74,PT4H26M18S
ACqmg32ZQko,189289,18328,53,PT3H22M11S
b269jq8T_XI,178778,18822,63,PT4H4M4S
UNk1w_cA83w,164542,17806,103,PT9M55S
UgEewAQFJak,227055,19258,59,PT2H6M29S
tVzhIZjF0h8,245114,26765,94,PT8M4S
jz96O9Z3P5E,146171,15130,38,PT1H55M21S
ItTO9PX9lUI,229343,21414,98,PT2H48M10S
L3Md1fWCU6Y,125980,12862,25,PT2H14M21S
lQB2QfVYrP4,187271,25913,181,PT8M31S
XTBe6MU5f10,155683,17198,115,PT2H15M2S
FbGAa5CDGP0,200007,20593,224,PT12M17S
4lzBQDlmWT8,567023,44486,110,PT10M52S
aRsESRyVILE,218688,24188,75,PT1H55M43S
HWBRAKK8cWg,276296,25383,100,PT2H1M
BX5n_nDVRew,171793,17994,41,PT1H50M20S
VZKALSyztUI,152155,16332,36,PT2H4M37S
nQreLUPniFk,236444,22593,64,PT2H37M26S
bLKUDTUYhhI,415922,37475,202,PT10M34S
RqtEP_7Vhuc,168286,17869,35,PT1H8M58S
mzzrGFJz8jw,333269,30356,47,PT2H5M
przXgwAUsT0,251807,25824,83,PT2H16M30S
VSW_OAddi4U,265352,27375,83,PT2H41M44S
fDUNH-LBZL8,564477,55486,300,PT8M38S
9HRiX9rbzog,246890,25540,53,PT1H57M35S
x-CSTTuswi4,510178,48406,417,PT10M10S
DU5KdEZAsTc,386487,38305,63,PT3H53M33S
_KvriJ6A1MM,282347,29273,79,PT2H11M59S
rSl5YAWqzgM,175220,19031,21,PT2H17M23S
Pk_dPd87bMU,354998,39511,277,PT10M30S
kR66TmDpfBI,278564,28696,40,PT2H57M33S
kkNIWrHh3x0,152016,18316,119,PT2M32S
iZw7m5WBS80,218475,21305,51,PT2H30M16S
E5e-Px06m2M,189520,21082,129,PT2M58S
haKiMOWL_cE,346759,34609,48,PT4H3M4S
zLXewlivVrY,735989,60834,281,PT8M3S
S6JN4qcL2j0,348974,39552,64,PT2H56M33S
zDNqSNeemuM,150809,15654,100,PT2M14S
HNw2wMZzpD8,190045,22680,50,PT2H5M18S
r42ovNtmN_g,31545,4672,116,PT9M33S
EoE_x_bo6Tg,255648,30124,59,PT2H26M31S
GzqWV4c4S38,305507,39085,257,PT9M39S
OwIlLDoamc8,234368,27751,45,PT2H18M57S
KzDF7AvTkeA,596229,80284,1370,PT12M30S
ebzq5lOJN-g,184282,21922,250,PT1M20S
o1iOYlMEzsU,449487,46762,327,PT9M47S
Spf2jTS7rpQ,199963,24380,126,PT1M51S
DoMX5Q7CGCA,197376,22492,363,PT1M44S
EiZWN9FpFZE,185106,21066,53,PT2H22S
nuoHc2i1JiE,97010,15586,122,PT1M41S
YqJohyABgC4,162320,19390,122,PT2H16M30S
Qjiuye5GzzU,396672,39782,201,PT1M35S
W5jQhSCf1Lw,174358,21061,198,PT1M37S
LTCISZS7Avk,142384,16596,180,PT11M56S
LN3MOOCgWBQ,277975,32332,205,PT9M58S
cTsR-4iRVVA,231827,21258,21,PT2H13M45S
BqarGyF2axE,330980,35134,422,PT8M50S
as_CNPbOHNY,258094,17820,71,PT2H51M23S
gPHTsLrhoR8,68311,11325,189,PT11M10S
IzVlzcYveoA,205967,15323,48,PT4H54M13S
kZTdAhnCl6A,90006,8609,31,PT1H50M28S
Ex3hWMECN5s,223262,18255,43,PT3H16M6S
NwJCmZb8xak,231588,20299,49,PT2H42M44S
u37bmMhG-r0,505200,35017,70,PT3H6M21S
Ks0fwQJbx68,436477,34981,114,PT3H2M48S
IrCAmjtoVgc,306423,35681,223,PT9M54S
Kd7GiTpClz8,375435,31206,60,PT2H51M11S
0Dreku8wuck,265290,30025,68,PT2H8M25S
LUKarLLZAvI,1044072,140567,1503,PT9M45S
Z-X_iuV6dR4,332181,35459,115,PT2H15M47S
ruLCwGNVUAQ,248669,26145,68,PT2H8M37S
kFmhBS1R-bM,298070,25911,262,PT17M47S
r1v9MlzutK0,248956,26353,63,PT2H6M17S
Ia5NncKlmAA,167189,20881,535,PT6M53S
pteVSQrVmhI,412069,50716,350,PT9M2S
UIeeJBQRAFc,229796,25330,50,PT1H55M57S
DewKaScLF0c,273365,30828,684,PT11M31S
aGbXnwXPoZQ,248557,27431,73,PT2H17M7S
3Zvi8dF-QHM,206335,23505,95,PT1H54M39S
qwYD9mq6Cls,760241,64242,703,PT8M36S
vwtKVkTRAa8,231547,25653,62,PT2H21S
lR_lpz1oPpg,227357,31414,387,PT11M58S
RluNsZqEpA4,380258,39107,79,PT2H58M13S
ckTjZnyR5pY,452463,42539,348,PT8M11S
wZKF0wB_S8I,311997,36127,74,PT2H14M56S
5Wxjuj3LfGk,51812,7020,200,PT3M33S
lTCf-9sPk1w,1088786,88056,626,PT8M49S
0Q_DTYceisw,1524016,125478,706,PT9M48S
1712-ivL4-Q,320740,38115,287,PT11M18S
0QpVgkI4J2E,429761,45737,61,PT4H20M3S
BVNWv_0gf1U,394547,42814,85,PT2H29M41S
6o-oJwSWVK8,307698,32932,61,PT2H35M15S
BuaIC8gpetE,775146,78071,802,PT9M2S
HRa9Hb7ODu4,224301,27216,82,PT1H55M22S
DcwjBEQSnV8,209131,25406,50,PT1H53M52S
Q3dUiQ2iUxI,419919,46614,257,PT8M1S
BCwNVjzVG_A,208805,27914,432,PT46S
k_KMeAX04bo,267735,28302,196,PT9M45S
lp4kIiDoAuM,406386,45964,365,PT11M45S
uPnlOGMh8F4,263212,31241,55,PT2H50M29S
q0k8F5bVOKM,304824,36488,258,PT9M46S
81iDlLo_eMo,290002,28400,40,PT1H51M50S
Pg54Y4FzsEk,201729,26195,33,PT1H55M14S
-U9E4U20VtQ,377401,45924,485,PT8M3S
ndbxD_Xk54A,311302,36756,167,PT8M28S
rL7CVShJA3o,233102,38010,459,PT9M42S
WQKWfUDS6sw,735163,74448,390,PT8M59S
XgzobV8bh2I,329006,34420,66,PT3H55M58S
HrVhrfdY52E,449679,56624,505,PT9M4S
qwbL4dSEfQE,258910,31935,85,PT1H57M50S
qZc1k_QONQ4,286898,34025,100,PT2H41M57S
mTfZbZ48TLo,180295,23832,31,PT2H54M42S
08BhNOtgWZs,342317,45044,492,PT10M30S
_rPaTjheXWg,321784,32553,40,PT2H23M20S
a5J7DKHDB30,144523,18231,233,PT7M21S
hqFXpeiqz8s,106912,13167,260,PT5M38S
O1DdAFQDzls,185926,20618,194,PT7M6S
SfycQJf4yZU,266260,32705,200,PT9M48S
uxf5JUqk4Y4,225279,32374,332,PT7M3S
V9O8hEHXse4,368177,34961,49,PT3H33M54S
wYy5-YLr6CM,356422,33904,47,PT2H50M59S
2YXS1aBslEY,390911,41304,77,PT2H51M41S
Jt8Cq420-3Y,520097,14437,120,PT10M25S
PpLL8HFeXJk,466648,53560,287,PT7M35S
0tA_QHCj_RU,710966,73543,895,PT11M3S
i6ieniVv94Y,450343,48652,104,PT3H9M15S
tIjRA9ZT9FM,334185,45150,273,PT9M4S
KUsWkrucELQ,377600,49085,328,PT7M5S
8pxU-4Q1IFg,370296,39779,144,PT1H57M27S
0E7JjeFL-64,627765,11742,231,PT3M44S
jAf5pqMlwLg,154593,22467,468,PT7M4S
Z6iP-f5qPvo,147404,20205,246,PT8M41S
J2BUk44x35g,309706,32705,104,PT2H16M31S
pnAAeERm9KM,306534,35362,56,PT2H16M19S
iRc_LuAIODs,349821,36111,249,PT10M2S
AnsrJCrIGag,277352,33319,54,PT1H44M13S
UmdbNkskZ-U,209198,22053,134,PT9M54S
Oym6N1teqCQ,466355,53700,183,PT2H44M3S
S-YyC9It04w,418346,56460,104,PT2H42M5S
N9oqM6Ru41U,256557,25874,231,PT3H8M23S
QSOhYUZ3bNI,369144,42313,430,PT10M36S
V5ccvaXjm-A,246276,29872,27,PT3H27S
16dp4y-kPbA,576099,56166,468,PT7M2S
t8WDAVV8eUQ,320434,34045,289,PT10M9S
483EGV6kXwU,393948,54338,182,PT53M30S
5-GzYeJsqqs,412036,49171,462,PT8M8S
zme8cDYvYIA,194721,25885,125,PT8M20S
U6KDDTL235s,184173,21837,20,PT1H2M27S
P9BC_3aJOkc,481084,56872,415,PT8M27S
H1W_QyvvKHE,390577,38036,322,PT11M27S
kETav231mYo,405805,36428,93,PT2H9M37S
8ms_y0OPRFU,524642,46081,101,PT2H11M5S
jp4WYDlEMbs,1061189,119192,1078,PT10M32S
lzJFodSm2xc,261962,25866,48,PT1H20M48S
e2Er1tgJ5H0,452710,42247,61,PT3H18M37S
LtfidlL7w1o,86387,9850,30,PT42M40S
AD3Y--F2F8I,347046,38664,448,PT8M38S
aZUIKq2bzXk,268021,32677,349,PT9M45S
Yv58RiNSLSY,551768,61726,502,PT13M
uqILHubRlVw,650113,58140,78,PT3H26M45S
G3NH-bnykxs,81764,10365,14,PT52M27S
yDMEQOZzU7Y,389750,52902,930,PT9M47S
ReZaHioQSb4,483676,48233,101,PT2H23M57S
eoKVsvJpSaQ,126179,12552,18,PT59M5S
yZf-6VTTh_o,378540,54326,527,PT9M43S
d0Ovd8iDsIs,22156,4596,75,PT2M36S
Dv_Jddc4WBE,539855,66739,106,PT1H47M23S
wNJc-3FeiqE,671200,75459,584,PT7M14S
wDd-S0ku0tw,617024,64149,91,PT2H34M35S
JyiecfjeZSg,427256,44083,297,PT7M56S
m-ZKZC9D_yI,602865,60509,267,PT2H45M55S
ap4AmV_s5yg,581879,61792,180,PT2H18M23S
_6Xotp_bXY8,318378,44054,664,PT6M50S
s66JRRXyLPI,272129,39001,739,PT4M38S
F3miAZTTMEE,196641,29333,479,PT5M48S
RiDQmBOvdEY,282432,32423,313,PT4M21S
mlKVpFJbpEc,139565,18291,73,PT2H6M57S
EYVcd7yxh_k,398611,48016,310,PT6M21S
ZPm_zAGam5s,189631,29642,402,PT11M12S
numyR7FW4vQ,328617,38447,115,PT1H55M39S
OyqVPezZiWU,251690,50470,1057,PT3M37S
JKS09vVxvOw,272222,37576,685,PT8M39S
3y9o_Tsir9I,350678,46289,492,PT11M16S
oCTZH0ZoDkU,123780,15862,174,PT6M52S
Za47ehr26PQ,340690,36629,87,PT2H5M3S
xuNU7J0qu5I,210058,24399,214,PT7M26S
_7Q-izH0AFs,281780,30782,89,PT1H55M11S
9gIQ4Qcb3Ao,329742,39718,116,PT1H59M49S
MK2VppmY79I,1714822,132599,825,PT11M52S
JD9jaDQ-Owo,350318,40010,87,PT2H12M37S
HlrXM0ayO4Q,261908,41758,798,PT13M25S
GYcfRPHXnew,708100,55496,198,PT47S
olSFQvq78qQ,278190,30972,130,PT1H31M5S
CjNPB73qJW8,272487,39259,388,PT14M39S
EGTUE_eLkwU,5703240,493562,1207,PT26S
q27VQz5Pyv4,356422,36937,125,PT2H23S
MwnDAeyI1M0,314577,32826,84,PT1H24M29S
x2_mgZwgtF4,303975,32934,736,PT5M59S
xDR_TFLcqtw,430154,44901,542,PT8M28S
LCVlESkS2MY,80929,9955,228,PT3M29S
CXXdjZal5Hg,432590,43087,101,PT2H53M5S
PIpMgLhHnRg,353241,37506,95,PT2H16M39S
54_uJdrC5pI,148001,18296,124,PT1H47M19S
Txi0o4uQXmg,361849,45293,193,PT1H57M13S
16bVr3UiEZY,403589,53884,143,PT2H12M57S
DDpGO6_1AUM,1085392,75741,636,PT13M59S
lCqPWdHnyw4,379497,51281,333,PT2H17M3S
oRcClG-zI5U,612322,48280,261,PT15M21S
h_nRkC4_bPc,390827,51716,79,PT2H37M11S
0KYOmBN8-Oo,346542,48025,213,PT2H42M23S
qM9EfYxbeJM,168045,21671,61,PT2H43M47S
L9nzc9-yB-4,486205,68834,0,PT15M5S
dBVimZ3BKVI,1287641,80877,171,PT16S
5mzxhnRkJyo,137824,22357,711,PT8M34S
-jl0LKjtXRI,91388,14094,255,PT9M44S
WCgKzPWt514,185715,24424,244,PT5M4S
OYRZ1KeKOfw,544278,61461,678,PT8M6S
ywUfn-QZt44,267584,27666,236,PT1H17M4S
PMRGiUZf7aA,408891,43577,218,PT2H34M31S
kgUrNv58jTA,461900,50716,767,PT9M13S
LIHB4xGuGXA,559557,102545,1738,PT59S
u8GcbzlTvCU,112905,12008,42,PT2H3M13S
lKQSHYHEcvg,86151,10546,42,PT2H13M49S
4D_hYR_f7sI,52263,7262,38,PT1H35M17S
saUtT70YZN0,103293,13055,39,PT2H18M57S
NQWjPDnIp5g,597766,76001,1091,PT15M50S
dLQArjplAY0,98776,13435,60,PT1H11M40S
3fy-4gE9nsE,653170,77346,1314,PT13M50S
5U47M7Ktki4,282855,41373,762,PT8M29S
W2aBOqEoCLk,574808,69315,775,PT10M31S
lOxHDMF3lrw,1123689,145755,1349,PT8M23S
XhA_DZidx6E,87443,9437,986,PT4S
ab4sJCIjmzw,195626,29017,552,PT8M25S
KuAJgYhaypc,145712,18616,44,PT2H42M15S
iR2AS-jbzQ4,591914,76204,961,PT13M40S
DE482wRYIfc,240206,32320,660,PT12M1S
Yv03jdsUgoo,317887,49088,477,PT6M23S
LXwaRAHf2cs,422480,40244,120,PT2H32M4S
6JZoePR1AqQ,457765,52244,1200,PT8M50S
IvHyzUKeUxo,292473,38146,423,PT7M50S
jCZV1F4JHsw,131235,16597,352,PT25M11S
CV3HaF5kleE,235132,24532,305,PT12M34S
B25zqjpcUo4,129192,17045,49,PT1H39M7S
WPA5rM3iTes,164035,19860,42,PT2H2M4S
PbyeFxhIjyc,390648,43568,423,PT13M46S
Nd7xBxpxppE,507863,49591,90,PT2H40M37S
8TSmF_Ako7k,491141,64971,2770,PT23M4S
Z2LbFv6_ZZg,116387,15811,42,PT35M40S
mTdcWAUxut4,363362,37455,118,PT1H40M31S
M9BhP9buCek,477531,56632,361,PT1H11M31S
4tyUHcv-S7Y,384901,43016,620,PT11M30S
geQLMv4OoJA,385795,42400,127,PT1H54M32S
nt5X2covZso,340741,13201,704,PT15M55S
eidgWy7THhM,573025,75423,562,PT14M3S
S6KtBdkAde0,139326,22771,1712,PT6M8S
VEF47EehFV8,813998,64723,964,PT20M33S
7gwVkHS05iU,100747,13441,55,PT57M34S
8uPtWw_5T7s,178517,19761,28,PT2H35M54S
4XZTubLzHnI,385057,49170,572,PT7M2S
0pwr0VdZQ9s,433431,51662,730,PT9M42S
UscnRXGxlaU,1045705,135755,1668,PT17M10S
WpECEfm14UQ,535294,63828,1232,PT10M27S
7iBTaOd2e_E,257357,32854,691,PT16M50S
8qMgXY33Bks,122548,19987,455,PT4M19S
-NSyWy3KvR0,382962,48190,1191,PT9M25S
YvP8-2HsBtI,604938,61721,109,PT2H16M6S
Rjwl2NvPq-0,1544134,114146,1106,PT16S
CwQ2WX2T3cM,145586,27194,248,PT5M1S
Qq1QiIb3GOI,594976,62289,882,PT10M27S
g9ryYgzeR_s,635110,80961,1244,PT9M18S
-MeIHsoULBg,328540,46746,1448,PT10M50S
s1yhNU-rAi4,411453,53366,1182,PT8M38S
9XyN2V-TqiI,146444,15126,135,PT33M35S
8sG7aysOD8M,470058,59263,483,PT4M36S
xYgteVNLW1c,191395,29518,314,PT3M31S
NStIjvmGjts,630840,83261,1461,PT14M33S
XUNtAPE5h-Q,436971,38472,177,PT1H35M49S
GXM_l-ynQ2k,661440,82112,891,PT8M39S
UP128Ez_Ejo,346457,42648,1203,PT26S
vKP-kXH7JmQ,1088050,90407,847,PT12M14S
Ugx6qfn6Vdw,826275,86071,738,PT11M51S
BLBnpkX4KJg,1184207,125005,1354,PT11M43S
lQoewEaJM9w,876758,71551,188,PT2H11M11S
Oqs9l54vHIo,769115,69729,197,PT2H26M11S
dVbYb4xJrJ0,864718,75696,212,PT2H19M17S
XR5zOPoxOVo,905920,87437,172,PT2H15M37S
X1f7qjSJzHY,131416,15068,37,PT1H34M15S
MTZo-E2Vi_Q,100385,24150,588,PT1M10S
UUZnXc29glQ,831602,101277,1159,PT12M45S
gltNXPYEaKk,782248,79312,119,PT2H23M5S
upFSouQJyLU,455160,64487,937,PT16M17S
IoRgBDmX_DM,166170,15217,74,PT26M41S
KrPDx3H2Chc,770987,103025,803,PT12M3S
ZEUIxMxKpQo,833785,84929,965,PT10M23S
unkHsZ4sSGo,1094862,91111,141,PT3H2M26S
OSTv6svqm-E,2073154,153059,916,PT16M13S
aino7yxvsyo,945438,81353,194,PT2H33M41S
YehgwE6M9dw,2206381,166362,2614,PT10M41S
PswvirmcQ_Q,792716,101454,1298,PT8M44S
QOn3-9jMliE,1257946,109286,162,PT3H26M57S
14xQMW8p6HM,964555,82638,129,PT2H57M11S
aX0DnB8Ej58,1255045,94181,832,PT10M38S
g9AuXQlOaQQ,698234,82396,791,PT6M30S
DB12aMqz0uk,945557,83190,167,PT2H37M44S
G75xhBj2KZI,888764,98624,217,PT2H42M6S
SR0PBkE3nGE,765667,74999,127,PT2H27M55S
22grAMRIro8,582196,66607,696,PT7M22S
W3KIuR-D6yE,694744,67365,121,PT2H8M27S
yGF0P1sUn5E,796933,72481,98,PT2H9M9S
Go_f0yZqTMQ,423388,49050,464,PT6M53S
llqK2pCqtME,990312,61349,174,PT2H47M25S
3PSs4HAzcq0,164936,14225,52,PT28M41S
HzITKx1W_fU,775852,116989,2448,PT12M50S
1k9XkzZFvsM,1004638,102730,220,PT2H22M38S
5RG1JUl4ev0,1050682,97237,263,PT2H25M57S
HkiElR8cYD8,267406,30989,1104,PT5M15S
Nss5lQWUq4Q,480269,87292,1258,PT12M32S
BecqVOJanbk,1034042,107027,109,PT2H27M44S
cjdkVUfso5s,1392741,143577,399,PT2H49M39S
SaSnoVgf2wg,513785,70675,1183,PT15M47S
M0W_DjaCcjk,1403547,161117,304,PT2H48M2S
YuZSepRvbWg,483553,69019,2373,PT12M45S
2qp0Lzkoyl4,1089433,120371,209,PT2H30M12S
MW59PMZLIW4,701812,80200,1117,PT11M22S
6AyNm5IV88w,1558786,159985,256,PT3H7M50S
RDbfCshT_gg,504351,71972,609,PT9M15S
X8qQQaf0De8,1730669,181119,329,PT3H4M23S
DJQbU9G6clA,980970,139725,2080,PT7M1S
LJJxPBDzV7k,580828,86405,1836,PT12M30S
DNumTac_p04,147925,13955,81,PT1H49M12S
RLNZZ9HBV8E,157365,16886,55,PT2H27M51S
lbcWQWR0ze0,135509,15147,111,PT1H31M54S
YBmT6yjySh0,239603,34370,178,PT3H14M38S
P9WEQRn-Ybw,223898,19441,112,PT2H59M53S
qnNB5hJcgiY,201247,21451,74,PT2H29M25S
Gb7b9ivAFHQ,162550,19346,39,PT2H30M13S
kXh-Fyj-xzA,495054,61087,1054,PT9M36S
EIIS-tHKnd4,688825,87091,3838,PT8M47S
qXhuwYLdCho,1129704,124414,1932,PT10M2S
p0rXPPrnWhg,1090558,110617,1903,PT9M27S
DhzEPO8BTqw,286231,37597,727,PT5M17S
OQK6avamFAo,639960,85550,1593,PT10M
z66U6cugOPk,537788,72127,1303,PT6M33S
m1LV6WNu4kU,1464174,163151,2033,PT9M33S
dG278hIM7Yk,444929,67817,1905,PT9M21S
A1esQ1z5ZX4,903890,103169,2356,PT7M48S
wpjEThfUM88,708301,87480,2471,PT9M21S
EQPBLL8Az3c,573700,74992,1908,PT9M6S
xMu_FEhVx3A,536323,81171,1771,PT9M10S
gkOaZar6uWo,647250,76822,1281,PT9M10S
W89uhY7z2fg,649041,78737,2202,PT18M11S
9v2NctTVRRw,111656,9815,22,PT2H6M29S
9upBiNFzVh0,119938,12652,31,PT2H32M
ANz3YIUtmC8,114224,15827,139,PT5M43S
Pnjzo-ROexw,150556,18283,34,PT2H25M39S
2JSviFUkWvM,113957,13251,36,PT2H24M50S
LQ8FsKwJBhU,97700,11861,21,PT1H40M5S
VbWgzjapFrg,238623,24631,48,PT2H26M13S
MpbGtDfoPYI,128013,14620,37,PT2H32M21S
G9-2aUGpXlE,132073,16064,22,PT2H21M34S
itS4wmeSIXY,152164,18477,34,PT2H18M5S
8v4GVj6nckc,146958,23086,356,PT8M14S
RfusDu8VzPo,171914,19853,36,PT2H12M45S
XeeyUsvt1nE,115913,13281,50,PT2H32M7S
jfeVLCMmtA8,237971,33761,552,PT9M38S
fURZw6h4ndQ,175190,20113,55,PT2H53M36S
MZPLg3a54rk,731286,84099,1342,PT10M9S
vnZitdk260o,144622,25981,659,PT1M38S
34QpBsqVhO8,648326,60088,608,PT15M2S
dgu5PeMaDRY,416187,42147,510,PT8M4S
cFJpGkbcIVA,103552,11005,39,PT2H4M45S
3uH5Is4InGs,176258,15585,70,PT2H17M26S
vINRi33BEKA,119524,13126,66,PT2H27M6S
57qi898l2BY,425243,65739,897,PT9M36S
1Tnley_UwoA,80658,8651,13,PT1H54M28S
KkDsVdQkdk0,130799,14505,38,PT2H12M53S
FXbQ-j8cdY8,90021,11466,47,PT2H5M29S
sTpkHEb3taQ,199700,19298,92,PT2H25M45S
gkYddaCI4Pk,166935,16166,30,PT2H15M41S
o10Di5eH3rA,531858,77497,1093,PT14M30S
bJbt7zz6EP4,34205,4102,118,PT7M52S
pSS72V5_ffc,252596,30290,250,PT5M35S
cxoKkgOcwEg,1040048,53850,378,PT9S
K2hwIvVMICU,35137,4408,102,PT6M42S
VoWoorZbdeY,27808,4228,0,PT7M40S
nVBzx9CdPBg,206513,20449,59,PT1H52M25S
6w2CK3J60OM,678720,79016,1669,PT16M13S
zGcD9ly5TNk,802502,112053,1584,PT8M43S
iiweb1DqSt8,171566,17085,91,PT44M26S
0F7Px8t4-zc,639556,56018,660,PT11M12S
pTnCTjLsC_I,431466,44368,128,PT3H3M51S
OqbBaMffLR0,157146,14866,45,PT2H57M57S
7HEOySMSNhY,762967,83770,1501,PT16M3S
MbF46yPNV94,109611,11832,49,PT2H5M16S
lKX3i-weEGM,117370,11732,46,PT1H59M44S
htOlIAPQp-I,152377,16950,62,PT2H24M45S
17rckL6acKw,143030,13924,44,PT2H57M18S
ch9WwEX4xfA,90491,9618,0,PT2H4M3S
4gqgyBNoRIM,207288,17129,65,PT4H11M9S
HtIYVq3rlfo,351409,48312,1066,PT10M10S
bFinPeVQkNY,144208,12963,68,PT2H41M53S
_0eQ3TlPwR8,170701,17721,35,PT4H55M6S
OOJS6Khdg6U,238430,19792,80,PT3H1M49S
iciH4PEHyY8,685299,98239,2586,PT13M21S
89YvfTJ1RrU,119621,13523,169,PT10M11S
fp4WoJ9evyA,173150,19357,259,PT7M27S
LWiumZJ8SEY,147422,15863,51,PT2H47M11S
i-SjMU4e6R8,249394,19013,60,PT5H8M23S
LhM0yljrEos,128573,17286,287,PT6M20S
6uh7MuXgFp8,82498,9365,31,PT1H19M57S
2uvqRfJY-Jo,72802,7366,33,PT1H1M55S
wf_NBlzeuMk,266836,19210,94,PT5H13M15S
CAAh0auDmnw,120131,14027,20,PT2H6M36S
p0rc3IHDh5o,132381,15118,41,PT2H57M19S
oZE819nwZe8,209898,21786,198,PT6M6S
R8_ldg8XkqY,155023,13530,30,PT2H38M1S
VjAcgvUQLbQ,206554,17966,28,PT2H12M43S
cFnycwMFd4k,261745,21667,53,PT2H25M39S
bZyw91rSsIw,184237,18649,27,PT2H55M19S
rppuhs7Wyto,313906,24077,53,PT3H28M7S
INyQ_qAvpDE,259466,21799,355,PT23M9S
n5K2lvsgy08,401578,30737,105,PT4H44M50S
pBx7gA4ye30,212393,23408,207,PT5M50S
4U18-9ZvkSU,359911,27150,69,PT4H50M43S
GBPbtU4_Cy8,221926,19481,52,PT2H2M9S
Ha0plUthpWc,295353,26121,47,PT3H22M31S
di5r1-64NlM,90501,10866,109,PT10M49S
abqQm8ZFqGw,305786,23405,77,PT3H52M19S
egBP00gVTFw,300396,23918,79,PT3H51M33S
j19p3hm-fso,159635,14488,188,PT11M14S
KjidiX1IvlM,128555,13919,27,PT2H8M41S
09ViNUuwI3w,209564,17978,42,PT2H54M41S
4y6DswSuZVA,254225,20771,47,PT4H6M25S
m1DhYLjRQ-8,166931,15664,55,PT2H31M49S
bPeeNrXX7Yk,57683,7563,17,PT4H42M36S
zv_3DY0_9MM,239628,23221,35,PT4H32M45S
CGfx7_G24xY,786896,82651,1861,PT5M59S
QucoYlWR9O8,168309,19255,637,PT6M16S
2VSe2AZgAtE,219460,19064,62,PT2H40M49S
wLc-59CbwSI,235483,24942,359,PT12M36S
T8lv9kMWaa4,263503,22542,46,PT2H21M57S
EaTqu1otTYs,278702,29439,526,PT6M14S
NxEudUTw-TU,172700,17718,59,PT2H15S
dtqyHdUkLYE,203370,18379,41,PT2H5M10S
p1jxNS1CWFw,160769,18126,313,PT13M48S
r2Ney-LPqHE,199066,20262,64,PT2H43M40S
UrJQKhh-axU,165891,20193,46,PT3H6S
OsINR60iAKw,115642,9660,39,PT1H57M26S
HLQqGyhvKp4,315717,32138,1415,PT5M40S
Cvvjil2EWD0,328671,33058,424,PT6M49S
57R9cnWyoa0,381893,34363,392,PT6M7S
fFweOUTsavM,239989,21495,44,PT1H55M51S
flMZMkxHZl0,90281,11411,19,PT4H41M58S
6lIuLRKdBVw,186937,21243,24,PT4H57M25S
R34z85q7ikI,57439,8099,421,PT8M37S
rBlAxaGh7eQ,101598,13617,92,PT2H3M59S
kEdYd-h4fy0,323341,32770,388,PT8M2S
-HJNFZBhDds,130665,16620,57,PT2H3M39S
6-BCRqv6PBQ,320522,35999,859,PT6M42S
luSZQGhW_GY,94989,12042,477,PT9M59S
kBzeu7JnRw0,387908,42678,580,PT6M18S
BjBB8stJOH4,259923,25592,43,PT3H50M14S
1okSJrF5aOM,2075183,247525,5781,PT16M2S
4GImKGOmqBk,132630,16027,462,PT14M47S
T4Hurolpcpk,198515,19478,85,PT2H7M35S
GJVofW6o4qg,2575994,263518,6261,PT15M58S
tnWgZ9Wh7_Q,218322,22777,144,PT2H11S
l0xnZjoKCps,310366,23939,86,PT1H53M49S
66GFPjB4RRs,57337,5557,178,PT5S
WdePgUDBziI,445961,48351,664,PT2M25S
CjbzhkNdqVg,313456,24644,63,PT2H3M23S
7ZeBBkMoM6w,95504,12814,200,PT6M6S
alNjIF-8zik,525307,51844,475,PT5M44S
pj4vMhlv3Oc,447724,49955,503,PT6M19S
HDVa7t2pTHA,449754,38457,95,PT2H10M53S
JQ9F27smlyY,386950,43469,605,PT5M10S
uuBwCwRj5Ac,455405,36398,76,PT2H51M55S
Q-A9kp9N7uE,549820,51620,738,PT8M15S
YnxW_ZrIPSQ,366744,28732,118,PT2H30M
rhdz-ZnZV5w,134622,16331,1143,PT13M14S
sdtDPJxJZbg,551015,48131,407,PT8M50S
au4nLPyPqrU,259318,20342,67,PT1H24M3S
OWxZt6BNPH0,110913,14719,52,PT2H4M37S
I5N8Sf_uH7g,273833,22197,82,PT1H46M21S
AApyfw4_bQc,118153,15295,155,PT2H34M19S
rEnv6wqwVCU,518396,53267,439,PT7M58S
Kn9XlXIiCKc,241247,23246,87,PT1H21S
z2Qf_QBgHd8,791779,66036,976,PT7M58S
deVrwwUK7jI,162829,19322,51,PT1H58M19S
veqYsQkLXFg,737037,65076,701,PT8M18S
B1pc5ZZW4a4,372901,30239,79,PT2H6M31S
90dS9QnrK_k,380077,41395,681,PT5M50S
ezYANmDn9Es,197179,19999,664,PT12M51S
0kVWNdD8K2A,753838,72697,781,PT9M40S
n80m_aY050U,94332,12801,37,PT2H13S
ojodDBI0OXg,93762,13159,283,PT1M17S
4yOtGaEWDnE,353968,30998,53,PT2H18M9S
KUWQNAi8pW0,133292,19941,47,PT2H7M11S
t8ck3a9t3Is,185465,29173,62,PT2H26M
Y0HZrEv1b3w,171281,21823,88,PT1H55M28S
69UxAKYR8mU,924510,67074,705,PT9M11S
YPS14AbHRj0,326903,27363,106,PT2H33M39S
02Z_XIF41fY,105040,14239,79,PT2H2M39S
J4LDVfd0EYo,138405,19745,104,PT2H2M52S
X6i12IOgnU4,286771,40565,552,PT40M22S
rf_KVRlvi8I,365543,56604,1883,PT1M
zLE9wX2TFT0,155462,21593,156,PT2H14M56S
XS3xEohLsfc,118222,16857,122,PT2H26S
nM8HobLyezU,59220,8257,205,PT9M1S
FTeXEK8TApk,105161,16137,131,PT2H43S
WJ7bVOONzTE,76623,10320,227,PT7M54S
CFm1qotqpRs,107275,18143,119,PT2H30S
wQvbNtlUnu0,131974,17995,155,PT2H39S
cUgxkJf1NnQ,116054,12553,541,PT7M58S
pGEdRSMXMw4,178308,24113,128,PT2H6S
Mv3sBBkzYQQ,143414,20588,180,PT2H26S
0_-_Ntyguao,1042428,85377,756,PT10M15S
ZlsbFhGJHFs,204164,29328,129,PT1H11M15S
wfPWDUw6gqc,401475,45970,832,PT6M5S
prSmaAfvuJ8,745342,73502,399,PT2H58M40S
RhW03sK0src,553076,65588,1041,PT2M51S
Y0OtY_2Ryco,608813,95731,1904,PT4M59S
OEwb2azxzkA,729213,68128,1177,PT5M52S
vZdMkh_5o2Y,634208,53566,275,PT3H1M30S
DbCDeY1wp0E,1305713,197151,5157,PT9M42S
_Ua3MxlcrzI,484152,50428,119,PT2H28S
eAOJQkqSODI,856741,76819,289,PT4H49S
IHn_gWftnQk,389989,38648,4256,PT10M20S
_2DHj6TV1j8,916433,70417,448,PT1H32M40S
w_MLBVHUUl8,1361467,103495,1948,PT2H31M15S
7QajfZX05jU,2872391,227513,2980,PT9M6S
uli_WYg2ftM,1298781,96787,342,PT2H32M
tPtjWutyDVI,1083148,102062,515,PT3H7M56S
Sb5A6j8CwF4,840080,87107,3788,PT11M36S
Nza-1d1sxKw,1033693,93438,297,PT2H39M25S
tf-BW-9RJXY,1467800,97306,1764,PT10M22S
i_yusSWrkDA,619047,59503,1747,PT14M43S
qRhR8xHLz6g,1672422,190179,5884,PT20M49S
u_JrNWZpDek,1367306,110132,1642,PT16M47S
TlPpDgbzECc,1335319,98678,363,PT3H22M15S
Wnt_xrbknFA,1253263,98752,369,PT3H4M49S
7ifP8KGOxIs,1425955,128843,2576,PT18M41S
xIGUdYKelGA,2933999,218999,4920,PT18M5S
s8PsWmg0Ios,1390860,115872,842,PT2H55M33S
FItpS8Ve1Rg,1562537,162872,1967,PT6M42S
CxMuVuVb5OM,1100086,95156,232,PT2H57M49S
_m6_2KTnYdo,1151497,103207,2919,PT9M40S
248X3_ci-MY,1169772,105502,292,PT2H59M35S
rEwVU8tB2s8,672093,79044,1693,PT7M38S
fiti6LQvd-Q,1130819,115784,291,PT2H45M29S
YsqFNX6Trws,1416680,115777,503,PT3H40M33S
xuvo9GaWVAE,1299120,97269,1064,PT12M8S
nugwV9K2glc,1148587,102578,115,PT3H17M9S
tbPhsxzZRsg,662746,62735,2192,PT8M57S
Yt-WSY5lZYc,1506507,150750,2912,PT20M10S
XoEAL2TxILg,660110,61672,1672,PT11M57S
etgjt-J_C-Q,744505,56811,124,PT2H29M8S
28aHZEdTpgg,1323082,115458,304,PT3H6M1S
S1_J1PXooFU,2736700,190895,3363,PT12M52S
uNoi1svS2rE,835844,64694,1261,PT20M31S
ZCFpefTVU90,1631829,134567,209,PT4H3M8S
9xAas88j0sE,1328694,116715,228,PT3H10M45S
x4MVXAhkycQ,897500,70901,2594,PT11M24S
ALeiEht_-6s,1441202,121439,498,PT3H32M27S
Usm1-E2h-3A,2987793,239978,5442,PT20M31S
8gai3WLT0O8,1541411,148547,275,PT2H55M57S
e75gchyYyhE,1340486,104552,177,PT2H48M39S
WLItBbY85hg,1483036,120220,1143,PT7M43S
46AmilAfcy4,1307730,112198,173,PT4H3M53S
MTtkHAwUxeI,1073625,98135,162,PT2H42M25S
7Y7iPyp2b1s,863286,81675,269,PT1H56M47S
RNYgk4KVSdE,1422602,126010,276,PT3H7M31S
Miiy_zKGTqE,1271337,111857,331,PT2H50M55S
GOlfyBCviwo,1324011,172904,17169,PT8M40S
KLRO26TeaOg,584295,49911,725,PT8M17S
wSOT_Nupfvo,1377108,160217,3419,PT13M30S
3Pyt2l6f5O4,1238390,94386,226,PT2H37M21S
orJz1y8HDSk,1622301,122039,228,PT5H8M57S
1xeRd5uGt9I,1347312,111629,188,PT3H53M21S
bUzz_uDDOCk,1109404,91139,316,PT2H57M2S
7neJgB5nnxU,1405241,107225,272,PT3H36M1S
dqe1-Fx6WgE,666881,51457,1586,PT7M35S
dsLKRRLgLi8,1157398,104769,135,PT3H14M49S
WvyEbiW2mGo,784812,70290,121,PT2H22M56S
22wIgRk5oJs,1324073,121883,1937,PT11M14S
A3HWcVGlorU,1170945,97024,1654,PT9M5S
-V8NQGy4_QI,1251884,106789,178,PT3H26M29S
lo6LvffFsyM,1466959,105795,216,PT4H55M9S
1NYpB_Ehq9k,919744,97044,2458,PT10M51S
alckHfmAKkQ,1589691,113414,122,PT5H8M58S
kjfzfNjDDCY,1557845,104969,178,PT5H52M57S
1eY3uMBlZ0I,982110,86696,222,PT2H28M3S
rfCq0F8JVMw,983805,67486,275,PT2H13M43S
-0Zv_ia_s5E,2175607,126384,1544,PT12M18S
aVWFhRK8HZA,1795604,115561,547,PT4H42M14S
B0s5kAgLtQk,789230,52811,2066,PT9M44S
xUHXfv3ZI1k,1089168,74380,194,PT3H36M27S
7w4-bGeUPa4,1310092,94711,166,PT3H52M13S
lsk6_2Y4ob8,1091971,82704,176,PT2H28M15S
QjMK3uJa-o0,1384715,123723,3498,PT9M9S
_xTeu_iHBFU,1399829,96934,236,PT3H28M27S
z6aNj_18nr8,1317785,80464,2128,PT18M57S
YS51JEM0PKA,1244180,82603,187,PT3H12M21S
DxGBTfl3lvw,1129831,74702,197,PT4H25M1S
f1aDYsrXMmc,1466669,113648,3180,PT12M41S
JB_YKEooWI4,1181711,75965,151,PT3H36M13S
ueauM77Sl1U,798545,60582,255,PT1H54M37S
KkT2XhgQoSI,1276986,91529,231,PT5H7M12S
FyI1fUkGb50,1306643,95577,192,PT4H56M47S
74nBkew9k3E,1936013,180517,5895,PT13M39S
4-c3aHKPQPQ,1309770,94593,357,PT3H48M41S
TlPWNDthluU,1549432,117740,364,PT4H31M14S
oFIjkn05yb4,1501642,114309,314,PT3H57M35S
LqYst45BlEA,580419,45968,1101,PT6M58S
TZjf9zuJLZ4,862568,62249,207,PT2H44M29S
LPa31swsh9g,1201279,99122,1204,PT15M17S
H_npt-QdGJ0,933456,68938,128,PT3H36M9S
rD1Ebm2w5eg,983225,75615,147,PT3H18M13S
0FxTBbbODLY,1384301,89830,1560,PT9M49S
TCK0-9iWTCk,988832,74158,231,PT4H32M27S
tjkfugGP0o8,666639,52235,0,PT3H10M26S
Q8CIjocn-DM,534019,60260,865,PT11M21S
7-7yvQdO2_Y,1169550,81769,316,PT3H33M37S
5KDDJWhLhjw,956109,75596,894,PT10M16S
xij53Sj4cKw,829791,49875,224,PT3H31M31S
v3dZuXiaUb0,625221,45574,134,PT2H27M29S
VERzLGputew,798380,60023,145,PT2H28M7S
Gmu01K3fXuU,732393,46124,714,PT12M34S
7hjUQe7a4CE,681675,52725,147,PT1H49M15S
RUiP6694JSI,895946,119315,2829,PT5M7S
nQf46_vGxl0,596958,43910,114,PT2H18M9S
823nyUg8SxU,1038409,62529,649,PT10M43S
nPpR7VYT2Vw,518972,41504,164,PT1H54M37S
KI8KqD1fVic,595171,49340,184,PT1H38M46S
reAN8BzEJN4,1433236,94284,1105,PT16M18S
VfHoh6nnQ_Y,889699,72340,84,PT3H23M14S
F45tyA83cqs,583045,43756,444,PT9M31S
_YZlDN1EQt0,952366,62639,107,PT4H4M44S
rcYLLCM25no,606891,38103,516,PT9M
IqpyfDHArSc,872925,65850,115,PT2H26M3S
eYvnQLa18WY,1129691,78514,1637,PT8M32S
AbOX0jFBpoQ,494721,39299,124,PT2H5M6S
UA3c9yNSRdk,449721,33719,404,PT2H15M13S
sYKOC53S4xM,376365,36176,408,PT8M49S
Cn7Zk4xiCMk,435647,33725,165,PT2H3M26S
y4vknGuPnE0,826577,57591,214,PT3H19M47S
6SnORqEtE-Q,2602883,121211,1034,PT12M23S
klkxSvOQkJc,873122,63048,108,PT2H35M6S
B8mJrW6kxpY,682270,42381,711,PT8M46S
qKmgjyx9ySo,708008,50217,59,PT2H30M21S
nSWehMU0wgM,946843,67112,109,PT2H48M46S
F96qO9REj6k,724075,45492,704,PT8M37S
J5J0T8gvq-w,397337,35521,125,PT1H38M6S
g_Kzb88yoZ4,489706,33719,168,PT1H54M36S
SUNmyR706Iw,820235,76502,662,PT8M19S
dswmuR6h8o0,359434,23874,77,PT2H33M20S
SEOy7ecebPI,735294,56747,732,PT12M36S
0Sqef_yZxXE,760673,55331,90,PT2H50M
u3G58kYncxM,654809,50959,86,PT2H4M55S
Y2DIZTBr7Do,541868,35349,488,PT7M40S
R7IbDyAhjY8,717128,53437,54,PT2H57M37S
tOPsMc07VH0,634833,47896,947,PT7M51S
dBkwumwIIEE,536825,38407,37,PT3H13M32S
SS00aN17AJ0,883948,50562,1280,PT10M12S
G89NdK8ga-k,578054,40879,52,PT3H23M28S
APw8jrYbLAc,1436179,64077,1129,PT8M56S
kj0a9MVGG_8,351140,27754,726,PT6M36S
jxK-8BuO9xU,1584096,87791,1841,PT9M11S
_xV1ZLO1jYI,2492486,113069,1691,PT5M18S
4zlfYJCYLzo,616849,30294,143,PT2H19M16S
tpG2E6IRnbs,886644,45901,133,PT3H47M35S
Jvlo_eqzulg,622286,39952,558,PT7M46S
WcBkrfSRLHE,538987,39010,78,PT2H20M10S
t__2sW479OA,394864,26087,481,PT9M10S
zuqLqL5psTk,1101352,64860,562,PT13M37S
gmFJntMGgbA,923167,59478,118,PT3H33M33S
E2QCYEgNoUM,621161,39692,1106,PT10M23S
SUDThBIgSa4,721402,51400,46,PT2H53M57S
xl4QUAoA58Q,481125,36891,80,PT2H20M45S
W2K51KCSkbM,2304707,126621,1967,PT12M27S
XRkG_Sa4LnI,564804,35904,60,PT2H20M52S
8kQzKongP_E,890371,69396,1461,PT11M31S
fpY0JJoxjKc,633756,51582,115,PT2H16S
7Xupgk-NsAU,4050998,142037,1223,PT15M34S
_xWPmUXR-Fo,374626,25527,87,PT2H27M28S
CrHtB_yESgU,511013,32122,666,PT7M40S
7cg3-eKapo8,283836,15225,87,PT2H1M42S
K7DvbG8AcOE,1001812,49760,138,PT3H21M15S
1Qop4vE-tgA,1374454,65651,1493,PT11M24S
XB6eqvGKgvs,217854,12566,30,PT1H29M36S
WiM35-viPKo,270807,11783,21,PT1H37M42S
29qordi4Iz8,2316213,122228,1092,PT12M55S
p5ypgPH-jQ0,427863,18858,63,PT2H11M45S
tKLtNIp9eOg,405152,17022,54,PT2H1M34S
nplxYdz7Gos,525840,23337,42,PT3H13M51S
OlYVtNGjls4,1606127,84869,1107,PT13M41S
01OaeD6YA3s,537702,26144,56,PT2H17M16S
5YyAqNkRpsY,246575,32190,962,PT3M36S
N7zghnxYEt4,578605,25214,39,PT2H19M2S
myBlZdTzdwc,483045,27686,38,PT2H22M38S
1leVFWBlHyE,461402,19917,57,PT2H37M11S
1_vFhS2NpqE,657831,25793,51,PT2H43M53S
dRne0O64sYc,375842,18568,21,PT2H44M37S
p0xKdzWMr2M,530866,21975,69,PT2H30M
t2dPnNZT2IU,335679,16410,16,PT2H15M43S
iptn7nWo5No,643523,23232,64,PT2H47M32S
glqbkOYpBu4,1686246,105761,1653,PT12M3S
CHP3chS1JfA,765774,29812,87,PT2H36M25S
p-vayRJKNRw,1884761,129838,8785,PT14M3S
z5wPshOq2hE,746985,33294,92,PT2H27M16S
OfAMW5cfxlY,679480,37831,632,PT11M48S
Grm6RbyadN8,423736,24539,29,PT3H5M32S
yRvQLE-lE5k,213595,12833,37,PT1H17M19S
Ye6ogiiAvsg,312411,19202,34,PT1H59M28S
dprZTkxnomc,473376,27183,113,PT1H51M33S
M_0l2Rx52g0,519317,28587,71,PT2H49M24S
CPXw-Ur86Kc,570514,32863,606,PT7M24S
yHvz_zbo7oY,351819,15661,22,PT2H47M59S
klqL-GQfYFE,312441,16833,27,PT2H14M42S
SEQWJ8nLR8I,415856,20287,18,PT2H52M43S
WmQGVGJmIY4,587105,36344,513,PT7M50S
t394dd6R7VI,462221,22055,31,PT2H57M56S
MxPEnEWYsyY,612532,43232,1008,PT7M16S
ShrU7quBrMo,556536,27323,45,PT3H39M26S
v2FSvrr9g1k,1418094,70972,896,PT8M57S
M5_20pFhG9Q,305559,16137,25,PT3H11M13S
mipxfK6xe4s,644153,41962,497,PT5M39S
LP89KTrVTJo,171197,9010,16,PT1H32M8S
F1wIcZEDvzg,586157,29088,34,PT3H27M25S
t9FS83acxPk,455343,20834,36,PT3H8M31S
EwHr_29Vs6g,175264,9334,25,PT2H39M7S
T3mjFrudLJk,361238,19651,25,PT2H36M3S
TvbBzoUufkA,2634716,123775,2101,PT14M32S
G-QgTD4wkyc,451875,24194,34,PT3H15M5S
XeskHYMbS2k,94876,6934,181,PT10M39S
_rNkp3BtGVA,269173,15758,26,PT3H33M22S
-iLg-oBUyvY,242793,16037,35,PT2H44M43S
H6O52_ihYu8,286843,16751,25,PT1H48M52S
5SIQKxGAW5s,195741,10145,174,PT2H22M47S
fRtOelRHPTI,351072,26483,457,PT10M5S
N9Q4hgjo8ns,302284,16122,43,PT2H8M59S
3KK-68RthVg,768024,48537,930,PT13M45S
xDj1rcXnnP0,241128,13008,16,PT2H37M51S
HBk3JOUFr2Q,266390,14195,20,PT2H8M49S
0zp1o4tVbQw,297179,14966,36,PT2H20M19S
oHE3A9N4Yas,214085,11359,28,PT2H33M36S
kBBq4EXbaQY,229323,15141,258,PT17M42S
9bA4EfvwMwU,211405,12160,19,PT3H2M29S
SVi0JRpNvJg,968807,53827,641,PT11M7S
g0NoIIVOcLM,344533,25081,623,PT8M41S
21MUxv11ncQ,132949,7818,20,PT1H46M47S
job9lVybOHI,148311,12148,27,PT1H21M19S
1qxOrghgy84,181187,9142,13,PT1H29M40S
HbLJ5dHjqck,221649,11461,24,PT2H24M4S
48Ojd0Z1Tmg,396469,22393,483,PT11M24S
O8Vq0lOHjVM,223500,10973,13,PT2H41M8S
6-bJdnIo49Q,276336,14465,12,PT3H10M20S
2mf8NSdPAl8,257540,12467,26,PT2H44M57S
mAvTXafB7f8,605847,43529,810,PT8M47S
0gijctHa36M,191921,8665,13,PT1H44M1S
ZyxfWgn3bU0,131600,7476,5,PT1H21M52S
fZn5dLq4pF4,218016,11053,16,PT1H42M59S
n1r4f4enkjE,131749,8040,10,PT2H10M47S
hulXNu0PGNg,272556,15631,22,PT3H7M3S
1fUQkmwXOOM,144972,7895,16,PT2H13M45S
M_RLM8ES8qc,233956,17313,383,PT14M56S
Hda_CZWaAck,240186,12122,16,PT1H40M59S
q4nHtmRtRIU,182872,8954,27,PT2H6M17S
gEiW2HgWWPM,245743,11980,28,PT3H3M5S
bNffmFGSHoY,810615,35974,471,PT6M49S
ZvXo22mwLZA,139349,7460,16,PT1H54M23S
N1IPjcTCG8c,376761,16042,18,PT3H37M29S
4hl5d67SC6E,281915,13830,20,PT2H34M5S
ZT7ZLOomqM4,359005,16698,26,PT4H23M10S
bt8wDrmg1DE,329784,15071,21,PT2H47M56S
p9mUCizJ_y4,388117,16256,43,PT2H37M9S
z3yyg6bkmAo,263787,12243,21,PT1H50M19S
C5yc3BxidFs,517036,22804,34,PT3H26M38S
4HoLfqzv-aY,468367,23027,45,PT2H48M31S
2bzh4Yj-gIY,1977392,81777,1234,PT15M22S
DQp5iQRG1VE,363846,15456,28,PT4H8M10S
iwEe9ufLq_g,322603,14469,28,PT3H24M48S
glaEaM4w8rM,333661,15459,24,PT3H37M42S
DRcCws_5H-k,283029,14298,33,PT3H52M26S
ELjh61_zlYo,254334,13964,44,PT2H4M39S
qj3eMl962zQ,140202,8268,10,PT1H16M54S
WUVvr0nbK6g,186072,9793,15,PT2H19M7S
Q0VpBPaiUUI,200707,10450,15,PT2H10M21S
DxjcZUX32f8,201231,9914,12,PT3H35M52S
8ZKcajItgw4,144584,7805,10,PT1H56M41S
3_tyk4qLv7A,318498,16908,16,PT3H50M39S
JSPMZtepDGs,323709,18530,5,PT4H16M29S
NNm23a6MLek,143365,9593,10,PT2H6M32S
vBh9gbpRv-w,185859,10506,14,PT2H16M8S
nS4UJbK523M,16064,1192,12,PT1M51S
WvYpb2r2nC4,157436,7891,36,PT2H24M36S
iWvWb5Ud_B8,176154,9701,27,PT3H32M32S
5o-ppUnSCB4,343347,17017,27,PT2H10M31S
DPQFLwooDw4,216216,14900,0,PT10M23S
u0Ki4v1Hqu4,224524,12795,27,PT2H27M6S
3lJ5RhhEJlQ,84728,6029,17,PT2H32M20S
IKD79gkE5I4,130545,7909,12,PT1H56M54S
EbC03SPfpcc,113946,7216,17,PT2H6M30S
AAsBlZV4mB0,228730,13224,18,PT3H6M33S
L6vWKLQ8a44,142071,8885,56,PT2H20M3S
9sCxK0JudlY,195392,11916,33,PT2H25M6S
RaZ4x5Xp6xc,202854,13302,38,PT2H1M9S
YZ8Ut1srooA,119412,8349,12,PT2H20M48S
qJqkYLWxgYs,134295,9269,12,PT2H43M57S
nsOyi_i7KDA,138715,10352,16,PT2H34M18S
2lhvkazsoqk,69990,5920,13,PT2H20M21S
cBtospLP3rA,153250,10855,21,PT1H59M37S
RqByfGdUFtk,235961,13327,80,PT1H55M37S
qVijg87DXsM,130119,9474,34,PT1H33M6S
Jf4d0HSTQi4,225848,15691,36,PT1H45M25S
2V-ByWGXFu8,172646,12239,28,PT1H14M58S
OHUlQx5Zwyc,155654,11806,33,PT1H53M7S
YxAqT0BuwoM,193975,16237,45,PT2H21M43S
Dj9Fi16Bk6w,366744,22292,648,PT5M13S
KTiQ1f3l1bo,399664,22844,682,PT6M3S
uh4F701zcIk,106071,6942,17,PT2H19M37S
vZLJW7h-EZQ,73227,5792,48,PT1H34M25S
IwGxTewnxTU,330599,20764,535,PT5M44S
kylvbbfMLZM,522630,30425,636,PT5M36S
bZDMMpMssnI,157386,10283,42,PT1H49M24S
I2FnBXJWBWI,65834,4330,37,PT1H38M19S
LE7JI-zJQBQ,61197,4137,19,PT1H41M36S
dsvCuF9g5m4,3010815,142015,2675,PT4M57S
lDsKrHW2THw,50503,3663,11,PT1H34M54S
z83Lkh__oOs,101908,6586,45,PT1H31M37S
ymTKxHt6Qpw,89278,6477,74,PT2H15M37S
lXDI5X4a8h8,243282,15498,435,PT6M10S
olo-yPdfclk,43306,3320,22,PT1H18M36S
FUM2f8h0TOw,66304,4205,16,PT2H3M7S
-cyQuqMX1w4,62404,3883,28,PT2H3M20S
LB3vRzyjdR8,292232,17814,485,PT5M35S
bL2DdQWQIkU,63424,3858,16,PT2H11M32S
xvXE_2kiRHI,52425,2880,18,PT1H18M25S
rv2IffpNE98,317959,18671,583,PT7M8S
WzKKpeCmykc,63700,4218,29,PT1H12M25S
xBPB6lYgixo,62574,4059,41,PT53M9S
gB8tCQgE7K0,44747,3330,8,PT1H44M49S
dhJtElvVkvU,465354,24324,700,PT6M7S
uZHceXmMmAc,43187,3305,14,PT1H43M42S
tZS9ZoYawHY,26180,2308,17,PT1H9M28S
c-qlsFvJgyM,39657,2958,30,PT55M23S
Zz0ogHgKgmY,40369,2767,35,PT1H22M45S
9AttrCiYDyw,568676,31461,669,PT8M51S
m0hmciLo2Fo,74921,4713,10,PT2H12M53S
sI3FqYG5Qr4,45552,2604,12,PT1H19M24S
y62JzAz6i9I,25053,1721,6,PT47M14S
W3QKVQAQz5Q,43425,2684,10,PT1H7M10S
JMBjENjBMa8,35864,2705,17,PT1H36M17S
7VY6tKtM-V4,100960,6624,42,PT2H21M
q21yVRiAUTE,471167,27519,580,PT9M57S
yKywWs-vFb8,33496,2455,19,PT1H5M55S
MyRNvSMZ9m8,26863,2124,22,PT1H29M53S
aKyRkJTRwDc,46389,3263,15,PT2H1M48S
6NisKMPuxEU,17940,1618,20,PT1H17M32S
EKKRWMozcd4,326090,18558,326,PT7M34S
0zK8yvVBDi4,42444,3272,11,PT1H27M6S
xyQvO5NZKaY,31717,2145,10,PT1H18M53S
OWRayAk9Two,31966,3148,14,PT1H16M27S
Y_EJiTQrD6k,279096,15308,397,PT9M43S
sRLwUwylvxs,18295,1132,12,PT1H57M58S
Q1_IBrLjZRI,10911,917,4,PT1H39M58S
HQaSC83YaHk,17649,1264,7,PT2H13M53S
beFEVX-zSZg,7135,622,2,PT1H30M57S
SxgtSpE4HFc,9651,782,2,PT1H24M50S
Hlyl0QkZC5c,13245,1196,3,PT1H53M20S
d1w0oiR4bro,14138,1171,5,PT1H30M54S
GtZu1R54Q50,34502,1668,150,PT2M8S
UGTngSuNjt4,23617,1836,3,PT2H19M47S
LgmgZK0MsC0,29187,2342,4,PT2H15M8S
ru38mE6fV54,14180,1181,5,PT1H24M
UpMP7-mIbms,12643,1181,28,PT1H31M
yeB32VHF7Wo,83607,5347,632,PT1M53S
1efG6kahWGE,11679,905,16,PT48M49S
1h6XlhrT758,12672,965,12,PT1H54M11S
7BTo2TdWjJM,9409,558,20,PT49M54S
ZVbPDZaN-f4,13174,653,134,PT2M3S
vku8P8SZkfM,29876,2101,146,PT3M58S
G8oLNGiE3dA,6104,384,4,PT2H41M53S
rE5M-JrhwZ4,26809,1433,32,PT50M39S
sr6AW5Pk6Hw,12356,726,11,PT1H50M52S
1MPjR8YNokE,10629,539,12,PT1H39M17S
xtRiuF-8u8M,5958,227,9,PT23M27S
xDRlLAHX22I,7712,454,33,PT5M50S
2mafQpZytB4,3489,205,6,PT45M46S
Yz0VKfk8sb4,4198,264,10,PT45M37S
536s0EyDKSM,4502,250,1,PT1H10M10S
atj-iT3j1Xc,8171,355,9,PT40M48S
7mfwh_Wkt_U,7679,315,9,PT29M47S
h0F0JIFxLT0,7830,362,21,PT24M26S
ys_SCiSwCTQ,4756,263,6,PT1H14M48S
447TiE-tbYQ,6106,389,6,PT1H43M51S
LnmMucxT6Eg,5848,340,6,PT1H36M18S
YZAbo8Qy1DU,10493,664,14,PT1H17M52S
vca-0j5gm-A,6830,449,7,PT1H47M57S
_bAWpPRDUoo,10550,815,10,PT1H58M31S
RYeqN9ZBi3E,28749,1661,71,PT56M43S
iXQtnL6ZNh4,9779,433,78,PT4M11S
uzzk8y6MVZE,9626,522,49,PT2M24S
mGpHrc6XHT8,10346,518,51,PT8M22S
FUdtf4X8V7Y,152969,4888,163,PT4M5S
e2ULWs_FJc0,18525,782,98,PT4M25S
JqV3NeYTH5k,43301,1434,267,PT10M36S
61tYi_ai46s,25368,1401,248,PT6M47S
LZisGAlmYdQ,196807,6684,624,PT5M10S
U8moTdYL-JA,58218,3147,382,PT4M35S
gqhCnqNuwj4,160821,6663,511,PT5M41S
LnTxh8SYybI,46344,2330,176,PT14M15S
x8NVWTo8d0Q,34644,1380,64,PT2M28S
-1gn9EFPYA0,61603,2602,179,PT4M52S
iAt8T2SLxtg,79997,4472,380,PT12M45S
dun-qhYp3-c,5674,191,31,PT3M49S
55-8DNUmGH8,5799,285,69,PT3M50S
97DC86-Pzr4,1769,103,42,PT3M53S
XdwCxSYJgFE,1982,113,65,PT4M14S
3k-pN5nzPCo,2525,133,102,PT4M4S
jK7UjNYoN3s,3171,138,45,PT3M55S
ur3bJ3IB8Ko,2306,129,56,PT4M1S
oDRCC3HNcbU,1741,121,66,PT3M49S
psnOLot2GOo,2258,137,33,PT3M59S
BXQHdFZxMUU,2086,145,63,PT4M5S
o4zl9H45Uxg,3489,205,91,PT3M43S
8moc9T0yruE,4112,243,83,PT3M39S
AhPP_IOrPvE,9713,484,59,PT4M8S
WHNbW7U-y-E,8662,480,89,PT4M8S
gbv2DvhXFEU,66175,4211,280,PT4M59S
